network_id,network,perturbation_type,modification_type,noise_level,parquet_path
astro,astro,hub_target,removal,0.02,data/perturbed_networks/astro/perturbed_hub_target/ca-AstroPH_gcc_targeted_hub_removal_noise_0p02.parquet
astro,astro,hub_target,addition,0.05,data/perturbed_networks/astro/perturbed_hub_target/ca-AstroPH_gcc_targeted_hub_addition_noise_0p05.parquet
astro,astro,hub_target,removal,0.05,data/perturbed_networks/astro/perturbed_hub_target/ca-AstroPH_gcc_targeted_hub_removal_noise_0p05.parquet
astro,astro,hub_target,addition,0.1,data/perturbed_networks/astro/perturbed_hub_target/ca-AstroPH_gcc_targeted_hub_addition_noise_0p1.parquet
astro,astro,hub_target,removal,0.1,data/perturbed_networks/astro/perturbed_hub_target/ca-AstroPH_gcc_targeted_hub_removal_noise_0p1.parquet
astro,astro,hub_target,addition,0.15,data/perturbed_networks/astro/perturbed_hub_target/ca-AstroPH_gcc_targeted_hub_addition_noise_0p15.parquet
astro,astro,hub_target,removal,0.15,data/perturbed_networks/astro/perturbed_hub_target/ca-AstroPH_gcc_targeted_hub_removal_noise_0p15.parquet
astro,astro,hub_target,addition,0.2,data/perturbed_networks/astro/perturbed_hub_target/ca-AstroPH_gcc_targeted_hub_addition_noise_0p2.parquet
astro,astro,hub_target,removal,0.2,data/perturbed_networks/astro/perturbed_hub_target/ca-AstroPH_gcc_targeted_hub_removal_noise_0p2.parquet
astro,astro,hub_target,removal,0.25,data/perturbed_networks/astro/perturbed_hub_target/ca-AstroPH_gcc_targeted_hub_removal_noise_0p25.parquet
astro,astro,hub_target,addition,0.3,data/perturbed_networks/astro/perturbed_hub_target/ca-AstroPH_gcc_targeted_hub_addition_noise_0p3.parquet
astro,astro,hub_target,removal,0.3,data/perturbed_networks/astro/perturbed_hub_target/ca-AstroPH_gcc_targeted_hub_removal_noise_0p3.parquet
astro,astro,hub_target,removal,0.4,data/perturbed_networks/astro/perturbed_hub_target/ca-AstroPH_gcc_targeted_hub_removal_noise_0p4.parquet
astro,astro,hub_target,addition,0.5,data/perturbed_networks/astro/perturbed_hub_target/ca-AstroPH_gcc_targeted_hub_addition_noise_0p5.parquet
astro,astro,hub_target,removal,0.5,data/perturbed_networks/astro/perturbed_hub_target/ca-AstroPH_gcc_targeted_hub_removal_noise_0p5.parquet
astro,astro,hub_target,addition,1.0,data/perturbed_networks/astro/perturbed_hub_target/ca-AstroPH_gcc_targeted_hub_addition_noise_1p0.parquet
astro,astro,hub_target,addition,1.5,data/perturbed_networks/astro/perturbed_hub_target/ca-AstroPH_gcc_targeted_hub_addition_noise_1p5.parquet
astro,astro,hub_target,addition,2.0,data/perturbed_networks/astro/perturbed_hub_target/ca-AstroPH_gcc_targeted_hub_addition_noise_2p0.parquet
astro,astro,periphery_target,removal,0.02,data/perturbed_networks/astro/perturbed_periphery_target/ca-AstroPH_gcc_targeted_periphery_removal_noise_0p02.parquet
astro,astro,periphery_target,addition,0.05,data/perturbed_networks/astro/perturbed_periphery_target/ca-AstroPH_gcc_targeted_periphery_addition_noise_0p05.parquet
astro,astro,periphery_target,removal,0.05,data/perturbed_networks/astro/perturbed_periphery_target/ca-AstroPH_gcc_targeted_periphery_removal_noise_0p05.parquet
astro,astro,periphery_target,addition,0.1,data/perturbed_networks/astro/perturbed_periphery_target/ca-AstroPH_gcc_targeted_periphery_addition_noise_0p1.parquet
astro,astro,periphery_target,removal,0.1,data/perturbed_networks/astro/perturbed_periphery_target/ca-AstroPH_gcc_targeted_periphery_removal_noise_0p1.parquet
astro,astro,periphery_target,addition,0.15,data/perturbed_networks/astro/perturbed_periphery_target/ca-AstroPH_gcc_targeted_periphery_addition_noise_0p15.parquet
astro,astro,periphery_target,removal,0.15,data/perturbed_networks/astro/perturbed_periphery_target/ca-AstroPH_gcc_targeted_periphery_removal_noise_0p15.parquet
astro,astro,periphery_target,addition,0.2,data/perturbed_networks/astro/perturbed_periphery_target/ca-AstroPH_gcc_targeted_periphery_addition_noise_0p2.parquet
astro,astro,periphery_target,removal,0.2,data/perturbed_networks/astro/perturbed_periphery_target/ca-AstroPH_gcc_targeted_periphery_removal_noise_0p2.parquet
astro,astro,periphery_target,removal,0.25,data/perturbed_networks/astro/perturbed_periphery_target/ca-AstroPH_gcc_targeted_periphery_removal_noise_0p25.parquet
astro,astro,periphery_target,addition,0.3,data/perturbed_networks/astro/perturbed_periphery_target/ca-AstroPH_gcc_targeted_periphery_addition_noise_0p3.parquet
astro,astro,periphery_target,removal,0.3,data/perturbed_networks/astro/perturbed_periphery_target/ca-AstroPH_gcc_targeted_periphery_removal_noise_0p3.parquet
astro,astro,periphery_target,removal,0.4,data/perturbed_networks/astro/perturbed_periphery_target/ca-AstroPH_gcc_targeted_periphery_removal_noise_0p4.parquet
astro,astro,periphery_target,addition,0.5,data/perturbed_networks/astro/perturbed_periphery_target/ca-AstroPH_gcc_targeted_periphery_addition_noise_0p5.parquet
astro,astro,periphery_target,removal,0.5,data/perturbed_networks/astro/perturbed_periphery_target/ca-AstroPH_gcc_targeted_periphery_removal_noise_0p5.parquet
astro,astro,periphery_target,addition,1.0,data/perturbed_networks/astro/perturbed_periphery_target/ca-AstroPH_gcc_targeted_periphery_addition_noise_1p0.parquet
astro,astro,periphery_target,addition,1.5,data/perturbed_networks/astro/perturbed_periphery_target/ca-AstroPH_gcc_targeted_periphery_addition_noise_1p5.parquet
astro,astro,periphery_target,addition,2.0,data/perturbed_networks/astro/perturbed_periphery_target/ca-AstroPH_gcc_targeted_periphery_addition_noise_2p0.parquet
astro,astro,random_target,removal,0.02,data/perturbed_networks/astro/perturbed_random_target/ca-AstroPH_gcc_removed_edges_noise_0p02.parquet
astro,astro,random_target,addition,0.05,data/perturbed_networks/astro/perturbed_random_target/ca-AstroPH_gcc_added_edges_noise_0p05.parquet
astro,astro,random_target,removal,0.05,data/perturbed_networks/astro/perturbed_random_target/ca-AstroPH_gcc_removed_edges_noise_0p05.parquet
astro,astro,random_target,addition,0.1,data/perturbed_networks/astro/perturbed_random_target/ca-AstroPH_gcc_added_edges_noise_0p1.parquet
astro,astro,random_target,removal,0.1,data/perturbed_networks/astro/perturbed_random_target/ca-AstroPH_gcc_removed_edges_noise_0p1.parquet
astro,astro,random_target,addition,0.15,data/perturbed_networks/astro/perturbed_random_target/ca-AstroPH_gcc_added_edges_noise_0p15.parquet
astro,astro,random_target,removal,0.15,data/perturbed_networks/astro/perturbed_random_target/ca-AstroPH_gcc_removed_edges_noise_0p15.parquet
astro,astro,random_target,addition,0.2,data/perturbed_networks/astro/perturbed_random_target/ca-AstroPH_gcc_added_edges_noise_0p2.parquet
astro,astro,random_target,removal,0.2,data/perturbed_networks/astro/perturbed_random_target/ca-AstroPH_gcc_removed_edges_noise_0p2.parquet
astro,astro,random_target,removal,0.25,data/perturbed_networks/astro/perturbed_random_target/ca-AstroPH_gcc_removed_edges_noise_0p25.parquet
astro,astro,random_target,addition,0.3,data/perturbed_networks/astro/perturbed_random_target/ca-AstroPH_gcc_added_edges_noise_0p3.parquet
astro,astro,random_target,removal,0.3,data/perturbed_networks/astro/perturbed_random_target/ca-AstroPH_gcc_removed_edges_noise_0p3.parquet
astro,astro,random_target,removal,0.4,data/perturbed_networks/astro/perturbed_random_target/ca-AstroPH_gcc_removed_edges_noise_0p4.parquet
astro,astro,random_target,addition,0.5,data/perturbed_networks/astro/perturbed_random_target/ca-AstroPH_gcc_added_edges_noise_0p5.parquet
astro,astro,random_target,removal,0.5,data/perturbed_networks/astro/perturbed_random_target/ca-AstroPH_gcc_removed_edges_noise_0p5.parquet
astro,astro,random_target,addition,1.0,data/perturbed_networks/astro/perturbed_random_target/ca-AstroPH_gcc_added_edges_noise_1p0.parquet
astro,astro,random_target,addition,1.5,data/perturbed_networks/astro/perturbed_random_target/ca-AstroPH_gcc_added_edges_noise_1p5.parquet
astro,astro,random_target,addition,2.0,data/perturbed_networks/astro/perturbed_random_target/ca-AstroPH_gcc_added_edges_noise_2p0.parquet
astro_conf,astro_conf,hub_target,removal,0.02,data/perturbed_networks/astro_conf/perturbed_hub_target/ca-AstroPH_gcc_config_targeted_hub_removal_noise_0p02.parquet
astro_conf,astro_conf,hub_target,addition,0.05,data/perturbed_networks/astro_conf/perturbed_hub_target/ca-AstroPH_gcc_config_targeted_hub_addition_noise_0p05.parquet
astro_conf,astro_conf,hub_target,removal,0.05,data/perturbed_networks/astro_conf/perturbed_hub_target/ca-AstroPH_gcc_config_targeted_hub_removal_noise_0p05.parquet
astro_conf,astro_conf,hub_target,addition,0.1,data/perturbed_networks/astro_conf/perturbed_hub_target/ca-AstroPH_gcc_config_targeted_hub_addition_noise_0p1.parquet
astro_conf,astro_conf,hub_target,removal,0.1,data/perturbed_networks/astro_conf/perturbed_hub_target/ca-AstroPH_gcc_config_targeted_hub_removal_noise_0p1.parquet
astro_conf,astro_conf,hub_target,addition,0.15,data/perturbed_networks/astro_conf/perturbed_hub_target/ca-AstroPH_gcc_config_targeted_hub_addition_noise_0p15.parquet
astro_conf,astro_conf,hub_target,removal,0.15,data/perturbed_networks/astro_conf/perturbed_hub_target/ca-AstroPH_gcc_config_targeted_hub_removal_noise_0p15.parquet
astro_conf,astro_conf,hub_target,addition,0.2,data/perturbed_networks/astro_conf/perturbed_hub_target/ca-AstroPH_gcc_config_targeted_hub_addition_noise_0p2.parquet
astro_conf,astro_conf,hub_target,removal,0.2,data/perturbed_networks/astro_conf/perturbed_hub_target/ca-AstroPH_gcc_config_targeted_hub_removal_noise_0p2.parquet
astro_conf,astro_conf,hub_target,removal,0.25,data/perturbed_networks/astro_conf/perturbed_hub_target/ca-AstroPH_gcc_config_targeted_hub_removal_noise_0p25.parquet
astro_conf,astro_conf,hub_target,addition,0.3,data/perturbed_networks/astro_conf/perturbed_hub_target/ca-AstroPH_gcc_config_targeted_hub_addition_noise_0p3.parquet
astro_conf,astro_conf,hub_target,removal,0.3,data/perturbed_networks/astro_conf/perturbed_hub_target/ca-AstroPH_gcc_config_targeted_hub_removal_noise_0p3.parquet
astro_conf,astro_conf,hub_target,removal,0.4,data/perturbed_networks/astro_conf/perturbed_hub_target/ca-AstroPH_gcc_config_targeted_hub_removal_noise_0p4.parquet
astro_conf,astro_conf,hub_target,addition,0.5,data/perturbed_networks/astro_conf/perturbed_hub_target/ca-AstroPH_gcc_config_targeted_hub_addition_noise_0p5.parquet
astro_conf,astro_conf,hub_target,removal,0.5,data/perturbed_networks/astro_conf/perturbed_hub_target/ca-AstroPH_gcc_config_targeted_hub_removal_noise_0p5.parquet
astro_conf,astro_conf,hub_target,addition,1.0,data/perturbed_networks/astro_conf/perturbed_hub_target/ca-AstroPH_gcc_config_targeted_hub_addition_noise_1p0.parquet
astro_conf,astro_conf,hub_target,addition,1.5,data/perturbed_networks/astro_conf/perturbed_hub_target/ca-AstroPH_gcc_config_targeted_hub_addition_noise_1p5.parquet
astro_conf,astro_conf,hub_target,addition,2.0,data/perturbed_networks/astro_conf/perturbed_hub_target/ca-AstroPH_gcc_config_targeted_hub_addition_noise_2p0.parquet
astro_conf,astro_conf,periphery_target,removal,0.02,data/perturbed_networks/astro_conf/perturbed_periphery_target/ca-AstroPH_gcc_config_targeted_periphery_removal_noise_0p02.parquet
astro_conf,astro_conf,periphery_target,addition,0.05,data/perturbed_networks/astro_conf/perturbed_periphery_target/ca-AstroPH_gcc_config_targeted_periphery_addition_noise_0p05.parquet
astro_conf,astro_conf,periphery_target,removal,0.05,data/perturbed_networks/astro_conf/perturbed_periphery_target/ca-AstroPH_gcc_config_targeted_periphery_removal_noise_0p05.parquet
astro_conf,astro_conf,periphery_target,addition,0.1,data/perturbed_networks/astro_conf/perturbed_periphery_target/ca-AstroPH_gcc_config_targeted_periphery_addition_noise_0p1.parquet
astro_conf,astro_conf,periphery_target,removal,0.1,data/perturbed_networks/astro_conf/perturbed_periphery_target/ca-AstroPH_gcc_config_targeted_periphery_removal_noise_0p1.parquet
astro_conf,astro_conf,periphery_target,addition,0.15,data/perturbed_networks/astro_conf/perturbed_periphery_target/ca-AstroPH_gcc_config_targeted_periphery_addition_noise_0p15.parquet
astro_conf,astro_conf,periphery_target,removal,0.15,data/perturbed_networks/astro_conf/perturbed_periphery_target/ca-AstroPH_gcc_config_targeted_periphery_removal_noise_0p15.parquet
astro_conf,astro_conf,periphery_target,addition,0.2,data/perturbed_networks/astro_conf/perturbed_periphery_target/ca-AstroPH_gcc_config_targeted_periphery_addition_noise_0p2.parquet
astro_conf,astro_conf,periphery_target,removal,0.2,data/perturbed_networks/astro_conf/perturbed_periphery_target/ca-AstroPH_gcc_config_targeted_periphery_removal_noise_0p2.parquet
astro_conf,astro_conf,periphery_target,removal,0.25,data/perturbed_networks/astro_conf/perturbed_periphery_target/ca-AstroPH_gcc_config_targeted_periphery_removal_noise_0p25.parquet
astro_conf,astro_conf,periphery_target,addition,0.3,data/perturbed_networks/astro_conf/perturbed_periphery_target/ca-AstroPH_gcc_config_targeted_periphery_addition_noise_0p3.parquet
astro_conf,astro_conf,periphery_target,removal,0.3,data/perturbed_networks/astro_conf/perturbed_periphery_target/ca-AstroPH_gcc_config_targeted_periphery_removal_noise_0p3.parquet
astro_conf,astro_conf,periphery_target,removal,0.4,data/perturbed_networks/astro_conf/perturbed_periphery_target/ca-AstroPH_gcc_config_targeted_periphery_removal_noise_0p4.parquet
astro_conf,astro_conf,periphery_target,addition,0.5,data/perturbed_networks/astro_conf/perturbed_periphery_target/ca-AstroPH_gcc_config_targeted_periphery_addition_noise_0p5.parquet
astro_conf,astro_conf,periphery_target,removal,0.5,data/perturbed_networks/astro_conf/perturbed_periphery_target/ca-AstroPH_gcc_config_targeted_periphery_removal_noise_0p5.parquet
astro_conf,astro_conf,periphery_target,addition,1.0,data/perturbed_networks/astro_conf/perturbed_periphery_target/ca-AstroPH_gcc_config_targeted_periphery_addition_noise_1p0.parquet
astro_conf,astro_conf,periphery_target,addition,1.5,data/perturbed_networks/astro_conf/perturbed_periphery_target/ca-AstroPH_gcc_config_targeted_periphery_addition_noise_1p5.parquet
astro_conf,astro_conf,periphery_target,addition,2.0,data/perturbed_networks/astro_conf/perturbed_periphery_target/ca-AstroPH_gcc_config_targeted_periphery_addition_noise_2p0.parquet
astro_conf,astro_conf,random_target,removal,0.02,data/perturbed_networks/astro_conf/perturbed_random_target/ca-AstroPH_gcc_config_removed_edges_noise_0p02.parquet
astro_conf,astro_conf,random_target,addition,0.05,data/perturbed_networks/astro_conf/perturbed_random_target/ca-AstroPH_gcc_config_added_edges_noise_0p05.parquet
astro_conf,astro_conf,random_target,removal,0.05,data/perturbed_networks/astro_conf/perturbed_random_target/ca-AstroPH_gcc_config_removed_edges_noise_0p05.parquet
astro_conf,astro_conf,random_target,addition,0.1,data/perturbed_networks/astro_conf/perturbed_random_target/ca-AstroPH_gcc_config_added_edges_noise_0p1.parquet
astro_conf,astro_conf,random_target,removal,0.1,data/perturbed_networks/astro_conf/perturbed_random_target/ca-AstroPH_gcc_config_removed_edges_noise_0p1.parquet
astro_conf,astro_conf,random_target,addition,0.15,data/perturbed_networks/astro_conf/perturbed_random_target/ca-AstroPH_gcc_config_added_edges_noise_0p15.parquet
astro_conf,astro_conf,random_target,removal,0.15,data/perturbed_networks/astro_conf/perturbed_random_target/ca-AstroPH_gcc_config_removed_edges_noise_0p15.parquet
astro_conf,astro_conf,random_target,addition,0.2,data/perturbed_networks/astro_conf/perturbed_random_target/ca-AstroPH_gcc_config_added_edges_noise_0p2.parquet
astro_conf,astro_conf,random_target,removal,0.2,data/perturbed_networks/astro_conf/perturbed_random_target/ca-AstroPH_gcc_config_removed_edges_noise_0p2.parquet
astro_conf,astro_conf,random_target,removal,0.25,data/perturbed_networks/astro_conf/perturbed_random_target/ca-AstroPH_gcc_config_removed_edges_noise_0p25.parquet
astro_conf,astro_conf,random_target,addition,0.3,data/perturbed_networks/astro_conf/perturbed_random_target/ca-AstroPH_gcc_config_added_edges_noise_0p3.parquet
astro_conf,astro_conf,random_target,removal,0.3,data/perturbed_networks/astro_conf/perturbed_random_target/ca-AstroPH_gcc_config_removed_edges_noise_0p3.parquet
astro_conf,astro_conf,random_target,removal,0.4,data/perturbed_networks/astro_conf/perturbed_random_target/ca-AstroPH_gcc_config_removed_edges_noise_0p4.parquet
astro_conf,astro_conf,random_target,addition,0.5,data/perturbed_networks/astro_conf/perturbed_random_target/ca-AstroPH_gcc_config_added_edges_noise_0p5.parquet
astro_conf,astro_conf,random_target,removal,0.5,data/perturbed_networks/astro_conf/perturbed_random_target/ca-AstroPH_gcc_config_removed_edges_noise_0p5.parquet
astro_conf,astro_conf,random_target,addition,1.0,data/perturbed_networks/astro_conf/perturbed_random_target/ca-AstroPH_gcc_config_added_edges_noise_1p0.parquet
astro_conf,astro_conf,random_target,addition,1.5,data/perturbed_networks/astro_conf/perturbed_random_target/ca-AstroPH_gcc_config_added_edges_noise_1p5.parquet
astro_conf,astro_conf,random_target,addition,2.0,data/perturbed_networks/astro_conf/perturbed_random_target/ca-AstroPH_gcc_config_added_edges_noise_2p0.parquet
astro_er,astro_er,hub_target,removal,0.02,data/perturbed_networks/astro_er/perturbed_hub_target/ca-AstroPH_gcc_er_targeted_hub_removal_noise_0p02.parquet
astro_er,astro_er,hub_target,addition,0.05,data/perturbed_networks/astro_er/perturbed_hub_target/ca-AstroPH_gcc_er_targeted_hub_addition_noise_0p05.parquet
astro_er,astro_er,hub_target,removal,0.05,data/perturbed_networks/astro_er/perturbed_hub_target/ca-AstroPH_gcc_er_targeted_hub_removal_noise_0p05.parquet
astro_er,astro_er,hub_target,addition,0.1,data/perturbed_networks/astro_er/perturbed_hub_target/ca-AstroPH_gcc_er_targeted_hub_addition_noise_0p1.parquet
astro_er,astro_er,hub_target,removal,0.1,data/perturbed_networks/astro_er/perturbed_hub_target/ca-AstroPH_gcc_er_targeted_hub_removal_noise_0p1.parquet
astro_er,astro_er,hub_target,addition,0.15,data/perturbed_networks/astro_er/perturbed_hub_target/ca-AstroPH_gcc_er_targeted_hub_addition_noise_0p15.parquet
astro_er,astro_er,hub_target,removal,0.15,data/perturbed_networks/astro_er/perturbed_hub_target/ca-AstroPH_gcc_er_targeted_hub_removal_noise_0p15.parquet
astro_er,astro_er,hub_target,addition,0.2,data/perturbed_networks/astro_er/perturbed_hub_target/ca-AstroPH_gcc_er_targeted_hub_addition_noise_0p2.parquet
astro_er,astro_er,hub_target,removal,0.2,data/perturbed_networks/astro_er/perturbed_hub_target/ca-AstroPH_gcc_er_targeted_hub_removal_noise_0p2.parquet
astro_er,astro_er,hub_target,removal,0.25,data/perturbed_networks/astro_er/perturbed_hub_target/ca-AstroPH_gcc_er_targeted_hub_removal_noise_0p25.parquet
astro_er,astro_er,hub_target,addition,0.3,data/perturbed_networks/astro_er/perturbed_hub_target/ca-AstroPH_gcc_er_targeted_hub_addition_noise_0p3.parquet
astro_er,astro_er,hub_target,removal,0.3,data/perturbed_networks/astro_er/perturbed_hub_target/ca-AstroPH_gcc_er_targeted_hub_removal_noise_0p3.parquet
astro_er,astro_er,hub_target,removal,0.4,data/perturbed_networks/astro_er/perturbed_hub_target/ca-AstroPH_gcc_er_targeted_hub_removal_noise_0p4.parquet
astro_er,astro_er,hub_target,addition,0.5,data/perturbed_networks/astro_er/perturbed_hub_target/ca-AstroPH_gcc_er_targeted_hub_addition_noise_0p5.parquet
astro_er,astro_er,hub_target,removal,0.5,data/perturbed_networks/astro_er/perturbed_hub_target/ca-AstroPH_gcc_er_targeted_hub_removal_noise_0p5.parquet
astro_er,astro_er,hub_target,addition,1.0,data/perturbed_networks/astro_er/perturbed_hub_target/ca-AstroPH_gcc_er_targeted_hub_addition_noise_1p0.parquet
astro_er,astro_er,hub_target,addition,1.5,data/perturbed_networks/astro_er/perturbed_hub_target/ca-AstroPH_gcc_er_targeted_hub_addition_noise_1p5.parquet
astro_er,astro_er,hub_target,addition,2.0,data/perturbed_networks/astro_er/perturbed_hub_target/ca-AstroPH_gcc_er_targeted_hub_addition_noise_2p0.parquet
astro_er,astro_er,periphery_target,removal,0.02,data/perturbed_networks/astro_er/perturbed_periphery_target/ca-AstroPH_gcc_er_targeted_periphery_removal_noise_0p02.parquet
astro_er,astro_er,periphery_target,addition,0.05,data/perturbed_networks/astro_er/perturbed_periphery_target/ca-AstroPH_gcc_er_targeted_periphery_addition_noise_0p05.parquet
astro_er,astro_er,periphery_target,removal,0.05,data/perturbed_networks/astro_er/perturbed_periphery_target/ca-AstroPH_gcc_er_targeted_periphery_removal_noise_0p05.parquet
astro_er,astro_er,periphery_target,addition,0.1,data/perturbed_networks/astro_er/perturbed_periphery_target/ca-AstroPH_gcc_er_targeted_periphery_addition_noise_0p1.parquet
astro_er,astro_er,periphery_target,removal,0.1,data/perturbed_networks/astro_er/perturbed_periphery_target/ca-AstroPH_gcc_er_targeted_periphery_removal_noise_0p1.parquet
astro_er,astro_er,periphery_target,addition,0.15,data/perturbed_networks/astro_er/perturbed_periphery_target/ca-AstroPH_gcc_er_targeted_periphery_addition_noise_0p15.parquet
astro_er,astro_er,periphery_target,removal,0.15,data/perturbed_networks/astro_er/perturbed_periphery_target/ca-AstroPH_gcc_er_targeted_periphery_removal_noise_0p15.parquet
astro_er,astro_er,periphery_target,addition,0.2,data/perturbed_networks/astro_er/perturbed_periphery_target/ca-AstroPH_gcc_er_targeted_periphery_addition_noise_0p2.parquet
astro_er,astro_er,periphery_target,removal,0.2,data/perturbed_networks/astro_er/perturbed_periphery_target/ca-AstroPH_gcc_er_targeted_periphery_removal_noise_0p2.parquet
astro_er,astro_er,periphery_target,removal,0.25,data/perturbed_networks/astro_er/perturbed_periphery_target/ca-AstroPH_gcc_er_targeted_periphery_removal_noise_0p25.parquet
astro_er,astro_er,periphery_target,addition,0.3,data/perturbed_networks/astro_er/perturbed_periphery_target/ca-AstroPH_gcc_er_targeted_periphery_addition_noise_0p3.parquet
astro_er,astro_er,periphery_target,removal,0.3,data/perturbed_networks/astro_er/perturbed_periphery_target/ca-AstroPH_gcc_er_targeted_periphery_removal_noise_0p3.parquet
astro_er,astro_er,periphery_target,removal,0.4,data/perturbed_networks/astro_er/perturbed_periphery_target/ca-AstroPH_gcc_er_targeted_periphery_removal_noise_0p4.parquet
astro_er,astro_er,periphery_target,addition,0.5,data/perturbed_networks/astro_er/perturbed_periphery_target/ca-AstroPH_gcc_er_targeted_periphery_addition_noise_0p5.parquet
astro_er,astro_er,periphery_target,removal,0.5,data/perturbed_networks/astro_er/perturbed_periphery_target/ca-AstroPH_gcc_er_targeted_periphery_removal_noise_0p5.parquet
astro_er,astro_er,periphery_target,addition,1.0,data/perturbed_networks/astro_er/perturbed_periphery_target/ca-AstroPH_gcc_er_targeted_periphery_addition_noise_1p0.parquet
astro_er,astro_er,periphery_target,addition,1.5,data/perturbed_networks/astro_er/perturbed_periphery_target/ca-AstroPH_gcc_er_targeted_periphery_addition_noise_1p5.parquet
astro_er,astro_er,periphery_target,addition,2.0,data/perturbed_networks/astro_er/perturbed_periphery_target/ca-AstroPH_gcc_er_targeted_periphery_addition_noise_2p0.parquet
astro_er,astro_er,random_target,removal,0.02,data/perturbed_networks/astro_er/perturbed_random_target/ca-AstroPH_gcc_er_removed_edges_noise_0p02.parquet
astro_er,astro_er,random_target,addition,0.05,data/perturbed_networks/astro_er/perturbed_random_target/ca-AstroPH_gcc_er_added_edges_noise_0p05.parquet
astro_er,astro_er,random_target,removal,0.05,data/perturbed_networks/astro_er/perturbed_random_target/ca-AstroPH_gcc_er_removed_edges_noise_0p05.parquet
astro_er,astro_er,random_target,addition,0.1,data/perturbed_networks/astro_er/perturbed_random_target/ca-AstroPH_gcc_er_added_edges_noise_0p1.parquet
astro_er,astro_er,random_target,removal,0.1,data/perturbed_networks/astro_er/perturbed_random_target/ca-AstroPH_gcc_er_removed_edges_noise_0p1.parquet
astro_er,astro_er,random_target,addition,0.15,data/perturbed_networks/astro_er/perturbed_random_target/ca-AstroPH_gcc_er_added_edges_noise_0p15.parquet
astro_er,astro_er,random_target,removal,0.15,data/perturbed_networks/astro_er/perturbed_random_target/ca-AstroPH_gcc_er_removed_edges_noise_0p15.parquet
astro_er,astro_er,random_target,addition,0.2,data/perturbed_networks/astro_er/perturbed_random_target/ca-AstroPH_gcc_er_added_edges_noise_0p2.parquet
astro_er,astro_er,random_target,removal,0.2,data/perturbed_networks/astro_er/perturbed_random_target/ca-AstroPH_gcc_er_removed_edges_noise_0p2.parquet
astro_er,astro_er,random_target,removal,0.25,data/perturbed_networks/astro_er/perturbed_random_target/ca-AstroPH_gcc_er_removed_edges_noise_0p25.parquet
astro_er,astro_er,random_target,addition,0.3,data/perturbed_networks/astro_er/perturbed_random_target/ca-AstroPH_gcc_er_added_edges_noise_0p3.parquet
astro_er,astro_er,random_target,removal,0.3,data/perturbed_networks/astro_er/perturbed_random_target/ca-AstroPH_gcc_er_removed_edges_noise_0p3.parquet
astro_er,astro_er,random_target,removal,0.4,data/perturbed_networks/astro_er/perturbed_random_target/ca-AstroPH_gcc_er_removed_edges_noise_0p4.parquet
astro_er,astro_er,random_target,addition,0.5,data/perturbed_networks/astro_er/perturbed_random_target/ca-AstroPH_gcc_er_added_edges_noise_0p5.parquet
astro_er,astro_er,random_target,removal,0.5,data/perturbed_networks/astro_er/perturbed_random_target/ca-AstroPH_gcc_er_removed_edges_noise_0p5.parquet
astro_er,astro_er,random_target,addition,1.0,data/perturbed_networks/astro_er/perturbed_random_target/ca-AstroPH_gcc_er_added_edges_noise_1p0.parquet
astro_er,astro_er,random_target,addition,1.5,data/perturbed_networks/astro_er/perturbed_random_target/ca-AstroPH_gcc_er_added_edges_noise_1p5.parquet
astro_er,astro_er,random_target,addition,2.0,data/perturbed_networks/astro_er/perturbed_random_target/ca-AstroPH_gcc_er_added_edges_noise_2p0.parquet
astro_sbm,astro_sbm,hub_target,removal,0.02,data/perturbed_networks/astro_sbm/perturbed_hub_target/ca-AstroPH_gcc_sbm_targeted_hub_removal_noise_0p02.parquet
astro_sbm,astro_sbm,hub_target,addition,0.05,data/perturbed_networks/astro_sbm/perturbed_hub_target/ca-AstroPH_gcc_sbm_targeted_hub_addition_noise_0p05.parquet
astro_sbm,astro_sbm,hub_target,removal,0.05,data/perturbed_networks/astro_sbm/perturbed_hub_target/ca-AstroPH_gcc_sbm_targeted_hub_removal_noise_0p05.parquet
astro_sbm,astro_sbm,hub_target,addition,0.1,data/perturbed_networks/astro_sbm/perturbed_hub_target/ca-AstroPH_gcc_sbm_targeted_hub_addition_noise_0p1.parquet
astro_sbm,astro_sbm,hub_target,removal,0.1,data/perturbed_networks/astro_sbm/perturbed_hub_target/ca-AstroPH_gcc_sbm_targeted_hub_removal_noise_0p1.parquet
astro_sbm,astro_sbm,hub_target,addition,0.15,data/perturbed_networks/astro_sbm/perturbed_hub_target/ca-AstroPH_gcc_sbm_targeted_hub_addition_noise_0p15.parquet
astro_sbm,astro_sbm,hub_target,removal,0.15,data/perturbed_networks/astro_sbm/perturbed_hub_target/ca-AstroPH_gcc_sbm_targeted_hub_removal_noise_0p15.parquet
astro_sbm,astro_sbm,hub_target,addition,0.2,data/perturbed_networks/astro_sbm/perturbed_hub_target/ca-AstroPH_gcc_sbm_targeted_hub_addition_noise_0p2.parquet
astro_sbm,astro_sbm,hub_target,removal,0.2,data/perturbed_networks/astro_sbm/perturbed_hub_target/ca-AstroPH_gcc_sbm_targeted_hub_removal_noise_0p2.parquet
astro_sbm,astro_sbm,hub_target,removal,0.25,data/perturbed_networks/astro_sbm/perturbed_hub_target/ca-AstroPH_gcc_sbm_targeted_hub_removal_noise_0p25.parquet
astro_sbm,astro_sbm,hub_target,addition,0.3,data/perturbed_networks/astro_sbm/perturbed_hub_target/ca-AstroPH_gcc_sbm_targeted_hub_addition_noise_0p3.parquet
astro_sbm,astro_sbm,hub_target,removal,0.3,data/perturbed_networks/astro_sbm/perturbed_hub_target/ca-AstroPH_gcc_sbm_targeted_hub_removal_noise_0p3.parquet
astro_sbm,astro_sbm,hub_target,removal,0.4,data/perturbed_networks/astro_sbm/perturbed_hub_target/ca-AstroPH_gcc_sbm_targeted_hub_removal_noise_0p4.parquet
astro_sbm,astro_sbm,hub_target,addition,0.5,data/perturbed_networks/astro_sbm/perturbed_hub_target/ca-AstroPH_gcc_sbm_targeted_hub_addition_noise_0p5.parquet
astro_sbm,astro_sbm,hub_target,removal,0.5,data/perturbed_networks/astro_sbm/perturbed_hub_target/ca-AstroPH_gcc_sbm_targeted_hub_removal_noise_0p5.parquet
astro_sbm,astro_sbm,hub_target,addition,1.0,data/perturbed_networks/astro_sbm/perturbed_hub_target/ca-AstroPH_gcc_sbm_targeted_hub_addition_noise_1p0.parquet
astro_sbm,astro_sbm,hub_target,addition,1.5,data/perturbed_networks/astro_sbm/perturbed_hub_target/ca-AstroPH_gcc_sbm_targeted_hub_addition_noise_1p5.parquet
astro_sbm,astro_sbm,hub_target,addition,2.0,data/perturbed_networks/astro_sbm/perturbed_hub_target/ca-AstroPH_gcc_sbm_targeted_hub_addition_noise_2p0.parquet
astro_sbm,astro_sbm,periphery_target,removal,0.02,data/perturbed_networks/astro_sbm/perturbed_periphery_target/ca-AstroPH_gcc_sbm_targeted_periphery_removal_noise_0p02.parquet
astro_sbm,astro_sbm,periphery_target,addition,0.05,data/perturbed_networks/astro_sbm/perturbed_periphery_target/ca-AstroPH_gcc_sbm_targeted_periphery_addition_noise_0p05.parquet
astro_sbm,astro_sbm,periphery_target,removal,0.05,data/perturbed_networks/astro_sbm/perturbed_periphery_target/ca-AstroPH_gcc_sbm_targeted_periphery_removal_noise_0p05.parquet
astro_sbm,astro_sbm,periphery_target,addition,0.1,data/perturbed_networks/astro_sbm/perturbed_periphery_target/ca-AstroPH_gcc_sbm_targeted_periphery_addition_noise_0p1.parquet
astro_sbm,astro_sbm,periphery_target,removal,0.1,data/perturbed_networks/astro_sbm/perturbed_periphery_target/ca-AstroPH_gcc_sbm_targeted_periphery_removal_noise_0p1.parquet
astro_sbm,astro_sbm,periphery_target,addition,0.15,data/perturbed_networks/astro_sbm/perturbed_periphery_target/ca-AstroPH_gcc_sbm_targeted_periphery_addition_noise_0p15.parquet
astro_sbm,astro_sbm,periphery_target,removal,0.15,data/perturbed_networks/astro_sbm/perturbed_periphery_target/ca-AstroPH_gcc_sbm_targeted_periphery_removal_noise_0p15.parquet
astro_sbm,astro_sbm,periphery_target,addition,0.2,data/perturbed_networks/astro_sbm/perturbed_periphery_target/ca-AstroPH_gcc_sbm_targeted_periphery_addition_noise_0p2.parquet
astro_sbm,astro_sbm,periphery_target,removal,0.2,data/perturbed_networks/astro_sbm/perturbed_periphery_target/ca-AstroPH_gcc_sbm_targeted_periphery_removal_noise_0p2.parquet
astro_sbm,astro_sbm,periphery_target,removal,0.25,data/perturbed_networks/astro_sbm/perturbed_periphery_target/ca-AstroPH_gcc_sbm_targeted_periphery_removal_noise_0p25.parquet
astro_sbm,astro_sbm,periphery_target,addition,0.3,data/perturbed_networks/astro_sbm/perturbed_periphery_target/ca-AstroPH_gcc_sbm_targeted_periphery_addition_noise_0p3.parquet
astro_sbm,astro_sbm,periphery_target,removal,0.3,data/perturbed_networks/astro_sbm/perturbed_periphery_target/ca-AstroPH_gcc_sbm_targeted_periphery_removal_noise_0p3.parquet
astro_sbm,astro_sbm,periphery_target,removal,0.4,data/perturbed_networks/astro_sbm/perturbed_periphery_target/ca-AstroPH_gcc_sbm_targeted_periphery_removal_noise_0p4.parquet
astro_sbm,astro_sbm,periphery_target,addition,0.5,data/perturbed_networks/astro_sbm/perturbed_periphery_target/ca-AstroPH_gcc_sbm_targeted_periphery_addition_noise_0p5.parquet
astro_sbm,astro_sbm,periphery_target,removal,0.5,data/perturbed_networks/astro_sbm/perturbed_periphery_target/ca-AstroPH_gcc_sbm_targeted_periphery_removal_noise_0p5.parquet
astro_sbm,astro_sbm,periphery_target,addition,1.0,data/perturbed_networks/astro_sbm/perturbed_periphery_target/ca-AstroPH_gcc_sbm_targeted_periphery_addition_noise_1p0.parquet
astro_sbm,astro_sbm,periphery_target,addition,1.5,data/perturbed_networks/astro_sbm/perturbed_periphery_target/ca-AstroPH_gcc_sbm_targeted_periphery_addition_noise_1p5.parquet
astro_sbm,astro_sbm,periphery_target,addition,2.0,data/perturbed_networks/astro_sbm/perturbed_periphery_target/ca-AstroPH_gcc_sbm_targeted_periphery_addition_noise_2p0.parquet
astro_sbm,astro_sbm,random_target,removal,0.02,data/perturbed_networks/astro_sbm/perturbed_random_target/ca-AstroPH_gcc_sbm_removed_edges_noise_0p02.parquet
astro_sbm,astro_sbm,random_target,addition,0.05,data/perturbed_networks/astro_sbm/perturbed_random_target/ca-AstroPH_gcc_sbm_added_edges_noise_0p05.parquet
astro_sbm,astro_sbm,random_target,removal,0.05,data/perturbed_networks/astro_sbm/perturbed_random_target/ca-AstroPH_gcc_sbm_removed_edges_noise_0p05.parquet
astro_sbm,astro_sbm,random_target,addition,0.1,data/perturbed_networks/astro_sbm/perturbed_random_target/ca-AstroPH_gcc_sbm_added_edges_noise_0p1.parquet
astro_sbm,astro_sbm,random_target,removal,0.1,data/perturbed_networks/astro_sbm/perturbed_random_target/ca-AstroPH_gcc_sbm_removed_edges_noise_0p1.parquet
astro_sbm,astro_sbm,random_target,addition,0.15,data/perturbed_networks/astro_sbm/perturbed_random_target/ca-AstroPH_gcc_sbm_added_edges_noise_0p15.parquet
astro_sbm,astro_sbm,random_target,removal,0.15,data/perturbed_networks/astro_sbm/perturbed_random_target/ca-AstroPH_gcc_sbm_removed_edges_noise_0p15.parquet
astro_sbm,astro_sbm,random_target,addition,0.2,data/perturbed_networks/astro_sbm/perturbed_random_target/ca-AstroPH_gcc_sbm_added_edges_noise_0p2.parquet
astro_sbm,astro_sbm,random_target,removal,0.2,data/perturbed_networks/astro_sbm/perturbed_random_target/ca-AstroPH_gcc_sbm_removed_edges_noise_0p2.parquet
astro_sbm,astro_sbm,random_target,removal,0.25,data/perturbed_networks/astro_sbm/perturbed_random_target/ca-AstroPH_gcc_sbm_removed_edges_noise_0p25.parquet
astro_sbm,astro_sbm,random_target,addition,0.3,data/perturbed_networks/astro_sbm/perturbed_random_target/ca-AstroPH_gcc_sbm_added_edges_noise_0p3.parquet
astro_sbm,astro_sbm,random_target,removal,0.3,data/perturbed_networks/astro_sbm/perturbed_random_target/ca-AstroPH_gcc_sbm_removed_edges_noise_0p3.parquet
astro_sbm,astro_sbm,random_target,removal,0.4,data/perturbed_networks/astro_sbm/perturbed_random_target/ca-AstroPH_gcc_sbm_removed_edges_noise_0p4.parquet
astro_sbm,astro_sbm,random_target,addition,0.5,data/perturbed_networks/astro_sbm/perturbed_random_target/ca-AstroPH_gcc_sbm_added_edges_noise_0p5.parquet
astro_sbm,astro_sbm,random_target,removal,0.5,data/perturbed_networks/astro_sbm/perturbed_random_target/ca-AstroPH_gcc_sbm_removed_edges_noise_0p5.parquet
astro_sbm,astro_sbm,random_target,addition,1.0,data/perturbed_networks/astro_sbm/perturbed_random_target/ca-AstroPH_gcc_sbm_added_edges_noise_1p0.parquet
astro_sbm,astro_sbm,random_target,addition,1.5,data/perturbed_networks/astro_sbm/perturbed_random_target/ca-AstroPH_gcc_sbm_added_edges_noise_1p5.parquet
astro_sbm,astro_sbm,random_target,addition,2.0,data/perturbed_networks/astro_sbm/perturbed_random_target/ca-AstroPH_gcc_sbm_added_edges_noise_2p0.parquet
power,power,hub_target,removal,0.02,data/perturbed_networks/power/perturbed_hub_target/western_us_power_grid_targeted_hub_removal_noise_0p02.parquet
power,power,hub_target,addition,0.05,data/perturbed_networks/power/perturbed_hub_target/western_us_power_grid_targeted_hub_addition_noise_0p05.parquet
power,power,hub_target,removal,0.05,data/perturbed_networks/power/perturbed_hub_target/western_us_power_grid_targeted_hub_removal_noise_0p05.parquet
power,power,hub_target,addition,0.1,data/perturbed_networks/power/perturbed_hub_target/western_us_power_grid_targeted_hub_addition_noise_0p1.parquet
power,power,hub_target,removal,0.1,data/perturbed_networks/power/perturbed_hub_target/western_us_power_grid_targeted_hub_removal_noise_0p1.parquet
power,power,hub_target,addition,0.15,data/perturbed_networks/power/perturbed_hub_target/western_us_power_grid_targeted_hub_addition_noise_0p15.parquet
power,power,hub_target,removal,0.15,data/perturbed_networks/power/perturbed_hub_target/western_us_power_grid_targeted_hub_removal_noise_0p15.parquet
power,power,hub_target,addition,0.2,data/perturbed_networks/power/perturbed_hub_target/western_us_power_grid_targeted_hub_addition_noise_0p2.parquet
power,power,hub_target,removal,0.2,data/perturbed_networks/power/perturbed_hub_target/western_us_power_grid_targeted_hub_removal_noise_0p2.parquet
power,power,hub_target,removal,0.25,data/perturbed_networks/power/perturbed_hub_target/western_us_power_grid_targeted_hub_removal_noise_0p25.parquet
power,power,hub_target,addition,0.3,data/perturbed_networks/power/perturbed_hub_target/western_us_power_grid_targeted_hub_addition_noise_0p3.parquet
power,power,hub_target,removal,0.3,data/perturbed_networks/power/perturbed_hub_target/western_us_power_grid_targeted_hub_removal_noise_0p3.parquet
power,power,hub_target,removal,0.4,data/perturbed_networks/power/perturbed_hub_target/western_us_power_grid_targeted_hub_removal_noise_0p4.parquet
power,power,hub_target,addition,0.5,data/perturbed_networks/power/perturbed_hub_target/western_us_power_grid_targeted_hub_addition_noise_0p5.parquet
power,power,hub_target,removal,0.5,data/perturbed_networks/power/perturbed_hub_target/western_us_power_grid_targeted_hub_removal_noise_0p5.parquet
power,power,hub_target,addition,1.0,data/perturbed_networks/power/perturbed_hub_target/western_us_power_grid_targeted_hub_addition_noise_1p0.parquet
power,power,hub_target,addition,1.5,data/perturbed_networks/power/perturbed_hub_target/western_us_power_grid_targeted_hub_addition_noise_1p5.parquet
power,power,hub_target,addition,2.0,data/perturbed_networks/power/perturbed_hub_target/western_us_power_grid_targeted_hub_addition_noise_2p0.parquet
power,power,periphery_target,removal,0.02,data/perturbed_networks/power/perturbed_periphery_target/western_us_power_grid_targeted_periphery_removal_noise_0p02.parquet
power,power,periphery_target,addition,0.05,data/perturbed_networks/power/perturbed_periphery_target/western_us_power_grid_targeted_periphery_addition_noise_0p05.parquet
power,power,periphery_target,removal,0.05,data/perturbed_networks/power/perturbed_periphery_target/western_us_power_grid_targeted_periphery_removal_noise_0p05.parquet
power,power,periphery_target,addition,0.1,data/perturbed_networks/power/perturbed_periphery_target/western_us_power_grid_targeted_periphery_addition_noise_0p1.parquet
power,power,periphery_target,removal,0.1,data/perturbed_networks/power/perturbed_periphery_target/western_us_power_grid_targeted_periphery_removal_noise_0p1.parquet
power,power,periphery_target,addition,0.15,data/perturbed_networks/power/perturbed_periphery_target/western_us_power_grid_targeted_periphery_addition_noise_0p15.parquet
power,power,periphery_target,removal,0.15,data/perturbed_networks/power/perturbed_periphery_target/western_us_power_grid_targeted_periphery_removal_noise_0p15.parquet
power,power,periphery_target,addition,0.2,data/perturbed_networks/power/perturbed_periphery_target/western_us_power_grid_targeted_periphery_addition_noise_0p2.parquet
power,power,periphery_target,removal,0.2,data/perturbed_networks/power/perturbed_periphery_target/western_us_power_grid_targeted_periphery_removal_noise_0p2.parquet
power,power,periphery_target,removal,0.25,data/perturbed_networks/power/perturbed_periphery_target/western_us_power_grid_targeted_periphery_removal_noise_0p25.parquet
power,power,periphery_target,addition,0.3,data/perturbed_networks/power/perturbed_periphery_target/western_us_power_grid_targeted_periphery_addition_noise_0p3.parquet
power,power,periphery_target,removal,0.3,data/perturbed_networks/power/perturbed_periphery_target/western_us_power_grid_targeted_periphery_removal_noise_0p3.parquet
power,power,periphery_target,removal,0.4,data/perturbed_networks/power/perturbed_periphery_target/western_us_power_grid_targeted_periphery_removal_noise_0p4.parquet
power,power,periphery_target,addition,0.5,data/perturbed_networks/power/perturbed_periphery_target/western_us_power_grid_targeted_periphery_addition_noise_0p5.parquet
power,power,periphery_target,removal,0.5,data/perturbed_networks/power/perturbed_periphery_target/western_us_power_grid_targeted_periphery_removal_noise_0p5.parquet
power,power,periphery_target,addition,1.0,data/perturbed_networks/power/perturbed_periphery_target/western_us_power_grid_targeted_periphery_addition_noise_1p0.parquet
power,power,periphery_target,addition,1.5,data/perturbed_networks/power/perturbed_periphery_target/western_us_power_grid_targeted_periphery_addition_noise_1p5.parquet
power,power,periphery_target,addition,2.0,data/perturbed_networks/power/perturbed_periphery_target/western_us_power_grid_targeted_periphery_addition_noise_2p0.parquet
power,power,random_target,removal,0.02,data/perturbed_networks/power/perturbed_random_target/western_us_power_grid_removed_edges_noise_0p02.parquet
power,power,random_target,addition,0.05,data/perturbed_networks/power/perturbed_random_target/western_us_power_grid_added_edges_noise_0p05.parquet
power,power,random_target,removal,0.05,data/perturbed_networks/power/perturbed_random_target/western_us_power_grid_removed_edges_noise_0p05.parquet
power,power,random_target,addition,0.1,data/perturbed_networks/power/perturbed_random_target/western_us_power_grid_added_edges_noise_0p1.parquet
power,power,random_target,removal,0.1,data/perturbed_networks/power/perturbed_random_target/western_us_power_grid_removed_edges_noise_0p1.parquet
power,power,random_target,addition,0.15,data/perturbed_networks/power/perturbed_random_target/western_us_power_grid_added_edges_noise_0p15.parquet
power,power,random_target,removal,0.15,data/perturbed_networks/power/perturbed_random_target/western_us_power_grid_removed_edges_noise_0p15.parquet
power,power,random_target,addition,0.2,data/perturbed_networks/power/perturbed_random_target/western_us_power_grid_added_edges_noise_0p2.parquet
power,power,random_target,removal,0.2,data/perturbed_networks/power/perturbed_random_target/western_us_power_grid_removed_edges_noise_0p2.parquet
power,power,random_target,removal,0.25,data/perturbed_networks/power/perturbed_random_target/western_us_power_grid_removed_edges_noise_0p25.parquet
power,power,random_target,addition,0.3,data/perturbed_networks/power/perturbed_random_target/western_us_power_grid_added_edges_noise_0p3.parquet
power,power,random_target,removal,0.3,data/perturbed_networks/power/perturbed_random_target/western_us_power_grid_removed_edges_noise_0p3.parquet
power,power,random_target,removal,0.4,data/perturbed_networks/power/perturbed_random_target/western_us_power_grid_removed_edges_noise_0p4.parquet
power,power,random_target,addition,0.5,data/perturbed_networks/power/perturbed_random_target/western_us_power_grid_added_edges_noise_0p5.parquet
power,power,random_target,removal,0.5,data/perturbed_networks/power/perturbed_random_target/western_us_power_grid_removed_edges_noise_0p5.parquet
power,power,random_target,addition,1.0,data/perturbed_networks/power/perturbed_random_target/western_us_power_grid_added_edges_noise_1p0.parquet
power,power,random_target,addition,1.5,data/perturbed_networks/power/perturbed_random_target/western_us_power_grid_added_edges_noise_1p5.parquet
power,power,random_target,addition,2.0,data/perturbed_networks/power/perturbed_random_target/western_us_power_grid_added_edges_noise_2p0.parquet
power_conf,power_conf,hub_target,removal,0.02,data/perturbed_networks/power_conf/perturbed_hub_target/western_us_power_grid_config_targeted_hub_removal_noise_0p02.parquet
power_conf,power_conf,hub_target,addition,0.05,data/perturbed_networks/power_conf/perturbed_hub_target/western_us_power_grid_config_targeted_hub_addition_noise_0p05.parquet
power_conf,power_conf,hub_target,removal,0.05,data/perturbed_networks/power_conf/perturbed_hub_target/western_us_power_grid_config_targeted_hub_removal_noise_0p05.parquet
power_conf,power_conf,hub_target,addition,0.1,data/perturbed_networks/power_conf/perturbed_hub_target/western_us_power_grid_config_targeted_hub_addition_noise_0p1.parquet
power_conf,power_conf,hub_target,removal,0.1,data/perturbed_networks/power_conf/perturbed_hub_target/western_us_power_grid_config_targeted_hub_removal_noise_0p1.parquet
power_conf,power_conf,hub_target,addition,0.15,data/perturbed_networks/power_conf/perturbed_hub_target/western_us_power_grid_config_targeted_hub_addition_noise_0p15.parquet
power_conf,power_conf,hub_target,removal,0.15,data/perturbed_networks/power_conf/perturbed_hub_target/western_us_power_grid_config_targeted_hub_removal_noise_0p15.parquet
power_conf,power_conf,hub_target,addition,0.2,data/perturbed_networks/power_conf/perturbed_hub_target/western_us_power_grid_config_targeted_hub_addition_noise_0p2.parquet
power_conf,power_conf,hub_target,removal,0.2,data/perturbed_networks/power_conf/perturbed_hub_target/western_us_power_grid_config_targeted_hub_removal_noise_0p2.parquet
power_conf,power_conf,hub_target,removal,0.25,data/perturbed_networks/power_conf/perturbed_hub_target/western_us_power_grid_config_targeted_hub_removal_noise_0p25.parquet
power_conf,power_conf,hub_target,addition,0.3,data/perturbed_networks/power_conf/perturbed_hub_target/western_us_power_grid_config_targeted_hub_addition_noise_0p3.parquet
power_conf,power_conf,hub_target,removal,0.3,data/perturbed_networks/power_conf/perturbed_hub_target/western_us_power_grid_config_targeted_hub_removal_noise_0p3.parquet
power_conf,power_conf,hub_target,removal,0.4,data/perturbed_networks/power_conf/perturbed_hub_target/western_us_power_grid_config_targeted_hub_removal_noise_0p4.parquet
power_conf,power_conf,hub_target,addition,0.5,data/perturbed_networks/power_conf/perturbed_hub_target/western_us_power_grid_config_targeted_hub_addition_noise_0p5.parquet
power_conf,power_conf,hub_target,removal,0.5,data/perturbed_networks/power_conf/perturbed_hub_target/western_us_power_grid_config_targeted_hub_removal_noise_0p5.parquet
power_conf,power_conf,hub_target,addition,1.0,data/perturbed_networks/power_conf/perturbed_hub_target/western_us_power_grid_config_targeted_hub_addition_noise_1p0.parquet
power_conf,power_conf,hub_target,addition,1.5,data/perturbed_networks/power_conf/perturbed_hub_target/western_us_power_grid_config_targeted_hub_addition_noise_1p5.parquet
power_conf,power_conf,hub_target,addition,2.0,data/perturbed_networks/power_conf/perturbed_hub_target/western_us_power_grid_config_targeted_hub_addition_noise_2p0.parquet
power_conf,power_conf,periphery_target,removal,0.02,data/perturbed_networks/power_conf/perturbed_periphery_target/western_us_power_grid_config_targeted_periphery_removal_noise_0p02.parquet
power_conf,power_conf,periphery_target,addition,0.05,data/perturbed_networks/power_conf/perturbed_periphery_target/western_us_power_grid_config_targeted_periphery_addition_noise_0p05.parquet
power_conf,power_conf,periphery_target,removal,0.05,data/perturbed_networks/power_conf/perturbed_periphery_target/western_us_power_grid_config_targeted_periphery_removal_noise_0p05.parquet
power_conf,power_conf,periphery_target,addition,0.1,data/perturbed_networks/power_conf/perturbed_periphery_target/western_us_power_grid_config_targeted_periphery_addition_noise_0p1.parquet
power_conf,power_conf,periphery_target,removal,0.1,data/perturbed_networks/power_conf/perturbed_periphery_target/western_us_power_grid_config_targeted_periphery_removal_noise_0p1.parquet
power_conf,power_conf,periphery_target,addition,0.15,data/perturbed_networks/power_conf/perturbed_periphery_target/western_us_power_grid_config_targeted_periphery_addition_noise_0p15.parquet
power_conf,power_conf,periphery_target,removal,0.15,data/perturbed_networks/power_conf/perturbed_periphery_target/western_us_power_grid_config_targeted_periphery_removal_noise_0p15.parquet
power_conf,power_conf,periphery_target,addition,0.2,data/perturbed_networks/power_conf/perturbed_periphery_target/western_us_power_grid_config_targeted_periphery_addition_noise_0p2.parquet
power_conf,power_conf,periphery_target,removal,0.2,data/perturbed_networks/power_conf/perturbed_periphery_target/western_us_power_grid_config_targeted_periphery_removal_noise_0p2.parquet
power_conf,power_conf,periphery_target,removal,0.25,data/perturbed_networks/power_conf/perturbed_periphery_target/western_us_power_grid_config_targeted_periphery_removal_noise_0p25.parquet
power_conf,power_conf,periphery_target,addition,0.3,data/perturbed_networks/power_conf/perturbed_periphery_target/western_us_power_grid_config_targeted_periphery_addition_noise_0p3.parquet
power_conf,power_conf,periphery_target,removal,0.3,data/perturbed_networks/power_conf/perturbed_periphery_target/western_us_power_grid_config_targeted_periphery_removal_noise_0p3.parquet
power_conf,power_conf,periphery_target,removal,0.4,data/perturbed_networks/power_conf/perturbed_periphery_target/western_us_power_grid_config_targeted_periphery_removal_noise_0p4.parquet
power_conf,power_conf,periphery_target,addition,0.5,data/perturbed_networks/power_conf/perturbed_periphery_target/western_us_power_grid_config_targeted_periphery_addition_noise_0p5.parquet
power_conf,power_conf,periphery_target,removal,0.5,data/perturbed_networks/power_conf/perturbed_periphery_target/western_us_power_grid_config_targeted_periphery_removal_noise_0p5.parquet
power_conf,power_conf,periphery_target,addition,1.0,data/perturbed_networks/power_conf/perturbed_periphery_target/western_us_power_grid_config_targeted_periphery_addition_noise_1p0.parquet
power_conf,power_conf,periphery_target,addition,1.5,data/perturbed_networks/power_conf/perturbed_periphery_target/western_us_power_grid_config_targeted_periphery_addition_noise_1p5.parquet
power_conf,power_conf,periphery_target,addition,2.0,data/perturbed_networks/power_conf/perturbed_periphery_target/western_us_power_grid_config_targeted_periphery_addition_noise_2p0.parquet
power_conf,power_conf,random_target,removal,0.02,data/perturbed_networks/power_conf/perturbed_random_target/western_us_power_grid_config_removed_edges_noise_0p02.parquet
power_conf,power_conf,random_target,addition,0.05,data/perturbed_networks/power_conf/perturbed_random_target/western_us_power_grid_config_added_edges_noise_0p05.parquet
power_conf,power_conf,random_target,removal,0.05,data/perturbed_networks/power_conf/perturbed_random_target/western_us_power_grid_config_removed_edges_noise_0p05.parquet
power_conf,power_conf,random_target,addition,0.1,data/perturbed_networks/power_conf/perturbed_random_target/western_us_power_grid_config_added_edges_noise_0p1.parquet
power_conf,power_conf,random_target,removal,0.1,data/perturbed_networks/power_conf/perturbed_random_target/western_us_power_grid_config_removed_edges_noise_0p1.parquet
power_conf,power_conf,random_target,addition,0.15,data/perturbed_networks/power_conf/perturbed_random_target/western_us_power_grid_config_added_edges_noise_0p15.parquet
power_conf,power_conf,random_target,removal,0.15,data/perturbed_networks/power_conf/perturbed_random_target/western_us_power_grid_config_removed_edges_noise_0p15.parquet
power_conf,power_conf,random_target,addition,0.2,data/perturbed_networks/power_conf/perturbed_random_target/western_us_power_grid_config_added_edges_noise_0p2.parquet
power_conf,power_conf,random_target,removal,0.2,data/perturbed_networks/power_conf/perturbed_random_target/western_us_power_grid_config_removed_edges_noise_0p2.parquet
power_conf,power_conf,random_target,removal,0.25,data/perturbed_networks/power_conf/perturbed_random_target/western_us_power_grid_config_removed_edges_noise_0p25.parquet
power_conf,power_conf,random_target,addition,0.3,data/perturbed_networks/power_conf/perturbed_random_target/western_us_power_grid_config_added_edges_noise_0p3.parquet
power_conf,power_conf,random_target,removal,0.3,data/perturbed_networks/power_conf/perturbed_random_target/western_us_power_grid_config_removed_edges_noise_0p3.parquet
power_conf,power_conf,random_target,removal,0.4,data/perturbed_networks/power_conf/perturbed_random_target/western_us_power_grid_config_removed_edges_noise_0p4.parquet
power_conf,power_conf,random_target,addition,0.5,data/perturbed_networks/power_conf/perturbed_random_target/western_us_power_grid_config_added_edges_noise_0p5.parquet
power_conf,power_conf,random_target,removal,0.5,data/perturbed_networks/power_conf/perturbed_random_target/western_us_power_grid_config_removed_edges_noise_0p5.parquet
power_conf,power_conf,random_target,addition,1.0,data/perturbed_networks/power_conf/perturbed_random_target/western_us_power_grid_config_added_edges_noise_1p0.parquet
power_conf,power_conf,random_target,addition,1.5,data/perturbed_networks/power_conf/perturbed_random_target/western_us_power_grid_config_added_edges_noise_1p5.parquet
power_conf,power_conf,random_target,addition,2.0,data/perturbed_networks/power_conf/perturbed_random_target/western_us_power_grid_config_added_edges_noise_2p0.parquet
power_er,power_er,hub_target,removal,0.02,data/perturbed_networks/power_er/perturbed_hub_target/western_us_power_grid_er_targeted_hub_removal_noise_0p02.parquet
power_er,power_er,hub_target,addition,0.05,data/perturbed_networks/power_er/perturbed_hub_target/western_us_power_grid_er_targeted_hub_addition_noise_0p05.parquet
power_er,power_er,hub_target,removal,0.05,data/perturbed_networks/power_er/perturbed_hub_target/western_us_power_grid_er_targeted_hub_removal_noise_0p05.parquet
power_er,power_er,hub_target,addition,0.1,data/perturbed_networks/power_er/perturbed_hub_target/western_us_power_grid_er_targeted_hub_addition_noise_0p1.parquet
power_er,power_er,hub_target,removal,0.1,data/perturbed_networks/power_er/perturbed_hub_target/western_us_power_grid_er_targeted_hub_removal_noise_0p1.parquet
power_er,power_er,hub_target,addition,0.15,data/perturbed_networks/power_er/perturbed_hub_target/western_us_power_grid_er_targeted_hub_addition_noise_0p15.parquet
power_er,power_er,hub_target,removal,0.15,data/perturbed_networks/power_er/perturbed_hub_target/western_us_power_grid_er_targeted_hub_removal_noise_0p15.parquet
power_er,power_er,hub_target,addition,0.2,data/perturbed_networks/power_er/perturbed_hub_target/western_us_power_grid_er_targeted_hub_addition_noise_0p2.parquet
power_er,power_er,hub_target,removal,0.2,data/perturbed_networks/power_er/perturbed_hub_target/western_us_power_grid_er_targeted_hub_removal_noise_0p2.parquet
power_er,power_er,hub_target,removal,0.25,data/perturbed_networks/power_er/perturbed_hub_target/western_us_power_grid_er_targeted_hub_removal_noise_0p25.parquet
power_er,power_er,hub_target,addition,0.3,data/perturbed_networks/power_er/perturbed_hub_target/western_us_power_grid_er_targeted_hub_addition_noise_0p3.parquet
power_er,power_er,hub_target,removal,0.3,data/perturbed_networks/power_er/perturbed_hub_target/western_us_power_grid_er_targeted_hub_removal_noise_0p3.parquet
power_er,power_er,hub_target,removal,0.4,data/perturbed_networks/power_er/perturbed_hub_target/western_us_power_grid_er_targeted_hub_removal_noise_0p4.parquet
power_er,power_er,hub_target,addition,0.5,data/perturbed_networks/power_er/perturbed_hub_target/western_us_power_grid_er_targeted_hub_addition_noise_0p5.parquet
power_er,power_er,hub_target,removal,0.5,data/perturbed_networks/power_er/perturbed_hub_target/western_us_power_grid_er_targeted_hub_removal_noise_0p5.parquet
power_er,power_er,hub_target,addition,1.0,data/perturbed_networks/power_er/perturbed_hub_target/western_us_power_grid_er_targeted_hub_addition_noise_1p0.parquet
power_er,power_er,hub_target,addition,1.5,data/perturbed_networks/power_er/perturbed_hub_target/western_us_power_grid_er_targeted_hub_addition_noise_1p5.parquet
power_er,power_er,hub_target,addition,2.0,data/perturbed_networks/power_er/perturbed_hub_target/western_us_power_grid_er_targeted_hub_addition_noise_2p0.parquet
power_er,power_er,periphery_target,removal,0.02,data/perturbed_networks/power_er/perturbed_periphery_target/western_us_power_grid_er_targeted_periphery_removal_noise_0p02.parquet
power_er,power_er,periphery_target,addition,0.05,data/perturbed_networks/power_er/perturbed_periphery_target/western_us_power_grid_er_targeted_periphery_addition_noise_0p05.parquet
power_er,power_er,periphery_target,removal,0.05,data/perturbed_networks/power_er/perturbed_periphery_target/western_us_power_grid_er_targeted_periphery_removal_noise_0p05.parquet
power_er,power_er,periphery_target,addition,0.1,data/perturbed_networks/power_er/perturbed_periphery_target/western_us_power_grid_er_targeted_periphery_addition_noise_0p1.parquet
power_er,power_er,periphery_target,removal,0.1,data/perturbed_networks/power_er/perturbed_periphery_target/western_us_power_grid_er_targeted_periphery_removal_noise_0p1.parquet
power_er,power_er,periphery_target,addition,0.15,data/perturbed_networks/power_er/perturbed_periphery_target/western_us_power_grid_er_targeted_periphery_addition_noise_0p15.parquet
power_er,power_er,periphery_target,removal,0.15,data/perturbed_networks/power_er/perturbed_periphery_target/western_us_power_grid_er_targeted_periphery_removal_noise_0p15.parquet
power_er,power_er,periphery_target,addition,0.2,data/perturbed_networks/power_er/perturbed_periphery_target/western_us_power_grid_er_targeted_periphery_addition_noise_0p2.parquet
power_er,power_er,periphery_target,removal,0.2,data/perturbed_networks/power_er/perturbed_periphery_target/western_us_power_grid_er_targeted_periphery_removal_noise_0p2.parquet
power_er,power_er,periphery_target,removal,0.25,data/perturbed_networks/power_er/perturbed_periphery_target/western_us_power_grid_er_targeted_periphery_removal_noise_0p25.parquet
power_er,power_er,periphery_target,addition,0.3,data/perturbed_networks/power_er/perturbed_periphery_target/western_us_power_grid_er_targeted_periphery_addition_noise_0p3.parquet
power_er,power_er,periphery_target,removal,0.3,data/perturbed_networks/power_er/perturbed_periphery_target/western_us_power_grid_er_targeted_periphery_removal_noise_0p3.parquet
power_er,power_er,periphery_target,removal,0.4,data/perturbed_networks/power_er/perturbed_periphery_target/western_us_power_grid_er_targeted_periphery_removal_noise_0p4.parquet
power_er,power_er,periphery_target,addition,0.5,data/perturbed_networks/power_er/perturbed_periphery_target/western_us_power_grid_er_targeted_periphery_addition_noise_0p5.parquet
power_er,power_er,periphery_target,removal,0.5,data/perturbed_networks/power_er/perturbed_periphery_target/western_us_power_grid_er_targeted_periphery_removal_noise_0p5.parquet
power_er,power_er,periphery_target,addition,1.0,data/perturbed_networks/power_er/perturbed_periphery_target/western_us_power_grid_er_targeted_periphery_addition_noise_1p0.parquet
power_er,power_er,periphery_target,addition,1.5,data/perturbed_networks/power_er/perturbed_periphery_target/western_us_power_grid_er_targeted_periphery_addition_noise_1p5.parquet
power_er,power_er,periphery_target,addition,2.0,data/perturbed_networks/power_er/perturbed_periphery_target/western_us_power_grid_er_targeted_periphery_addition_noise_2p0.parquet
power_er,power_er,random_target,removal,0.02,data/perturbed_networks/power_er/perturbed_random_target/western_us_power_grid_er_removed_edges_noise_0p02.parquet
power_er,power_er,random_target,addition,0.05,data/perturbed_networks/power_er/perturbed_random_target/western_us_power_grid_er_added_edges_noise_0p05.parquet
power_er,power_er,random_target,removal,0.05,data/perturbed_networks/power_er/perturbed_random_target/western_us_power_grid_er_removed_edges_noise_0p05.parquet
power_er,power_er,random_target,addition,0.1,data/perturbed_networks/power_er/perturbed_random_target/western_us_power_grid_er_added_edges_noise_0p1.parquet
power_er,power_er,random_target,removal,0.1,data/perturbed_networks/power_er/perturbed_random_target/western_us_power_grid_er_removed_edges_noise_0p1.parquet
power_er,power_er,random_target,addition,0.15,data/perturbed_networks/power_er/perturbed_random_target/western_us_power_grid_er_added_edges_noise_0p15.parquet
power_er,power_er,random_target,removal,0.15,data/perturbed_networks/power_er/perturbed_random_target/western_us_power_grid_er_removed_edges_noise_0p15.parquet
power_er,power_er,random_target,addition,0.2,data/perturbed_networks/power_er/perturbed_random_target/western_us_power_grid_er_added_edges_noise_0p2.parquet
power_er,power_er,random_target,removal,0.2,data/perturbed_networks/power_er/perturbed_random_target/western_us_power_grid_er_removed_edges_noise_0p2.parquet
power_er,power_er,random_target,removal,0.25,data/perturbed_networks/power_er/perturbed_random_target/western_us_power_grid_er_removed_edges_noise_0p25.parquet
power_er,power_er,random_target,addition,0.3,data/perturbed_networks/power_er/perturbed_random_target/western_us_power_grid_er_added_edges_noise_0p3.parquet
power_er,power_er,random_target,removal,0.3,data/perturbed_networks/power_er/perturbed_random_target/western_us_power_grid_er_removed_edges_noise_0p3.parquet
power_er,power_er,random_target,removal,0.4,data/perturbed_networks/power_er/perturbed_random_target/western_us_power_grid_er_removed_edges_noise_0p4.parquet
power_er,power_er,random_target,addition,0.5,data/perturbed_networks/power_er/perturbed_random_target/western_us_power_grid_er_added_edges_noise_0p5.parquet
power_er,power_er,random_target,removal,0.5,data/perturbed_networks/power_er/perturbed_random_target/western_us_power_grid_er_removed_edges_noise_0p5.parquet
power_er,power_er,random_target,addition,1.0,data/perturbed_networks/power_er/perturbed_random_target/western_us_power_grid_er_added_edges_noise_1p0.parquet
power_er,power_er,random_target,addition,1.5,data/perturbed_networks/power_er/perturbed_random_target/western_us_power_grid_er_added_edges_noise_1p5.parquet
power_er,power_er,random_target,addition,2.0,data/perturbed_networks/power_er/perturbed_random_target/western_us_power_grid_er_added_edges_noise_2p0.parquet
power_sbm,power_sbm,hub_target,removal,0.02,data/perturbed_networks/power_sbm/perturbed_hub_target/western_us_power_grid_sbm_targeted_hub_removal_noise_0p02.parquet
power_sbm,power_sbm,hub_target,addition,0.05,data/perturbed_networks/power_sbm/perturbed_hub_target/western_us_power_grid_sbm_targeted_hub_addition_noise_0p05.parquet
power_sbm,power_sbm,hub_target,removal,0.05,data/perturbed_networks/power_sbm/perturbed_hub_target/western_us_power_grid_sbm_targeted_hub_removal_noise_0p05.parquet
power_sbm,power_sbm,hub_target,addition,0.1,data/perturbed_networks/power_sbm/perturbed_hub_target/western_us_power_grid_sbm_targeted_hub_addition_noise_0p1.parquet
power_sbm,power_sbm,hub_target,removal,0.1,data/perturbed_networks/power_sbm/perturbed_hub_target/western_us_power_grid_sbm_targeted_hub_removal_noise_0p1.parquet
power_sbm,power_sbm,hub_target,addition,0.15,data/perturbed_networks/power_sbm/perturbed_hub_target/western_us_power_grid_sbm_targeted_hub_addition_noise_0p15.parquet
power_sbm,power_sbm,hub_target,removal,0.15,data/perturbed_networks/power_sbm/perturbed_hub_target/western_us_power_grid_sbm_targeted_hub_removal_noise_0p15.parquet
power_sbm,power_sbm,hub_target,addition,0.2,data/perturbed_networks/power_sbm/perturbed_hub_target/western_us_power_grid_sbm_targeted_hub_addition_noise_0p2.parquet
power_sbm,power_sbm,hub_target,removal,0.2,data/perturbed_networks/power_sbm/perturbed_hub_target/western_us_power_grid_sbm_targeted_hub_removal_noise_0p2.parquet
power_sbm,power_sbm,hub_target,removal,0.25,data/perturbed_networks/power_sbm/perturbed_hub_target/western_us_power_grid_sbm_targeted_hub_removal_noise_0p25.parquet
power_sbm,power_sbm,hub_target,addition,0.3,data/perturbed_networks/power_sbm/perturbed_hub_target/western_us_power_grid_sbm_targeted_hub_addition_noise_0p3.parquet
power_sbm,power_sbm,hub_target,removal,0.3,data/perturbed_networks/power_sbm/perturbed_hub_target/western_us_power_grid_sbm_targeted_hub_removal_noise_0p3.parquet
power_sbm,power_sbm,hub_target,removal,0.4,data/perturbed_networks/power_sbm/perturbed_hub_target/western_us_power_grid_sbm_targeted_hub_removal_noise_0p4.parquet
power_sbm,power_sbm,hub_target,addition,0.5,data/perturbed_networks/power_sbm/perturbed_hub_target/western_us_power_grid_sbm_targeted_hub_addition_noise_0p5.parquet
power_sbm,power_sbm,hub_target,removal,0.5,data/perturbed_networks/power_sbm/perturbed_hub_target/western_us_power_grid_sbm_targeted_hub_removal_noise_0p5.parquet
power_sbm,power_sbm,hub_target,addition,1.0,data/perturbed_networks/power_sbm/perturbed_hub_target/western_us_power_grid_sbm_targeted_hub_addition_noise_1p0.parquet
power_sbm,power_sbm,hub_target,addition,1.5,data/perturbed_networks/power_sbm/perturbed_hub_target/western_us_power_grid_sbm_targeted_hub_addition_noise_1p5.parquet
power_sbm,power_sbm,hub_target,addition,2.0,data/perturbed_networks/power_sbm/perturbed_hub_target/western_us_power_grid_sbm_targeted_hub_addition_noise_2p0.parquet
power_sbm,power_sbm,periphery_target,removal,0.02,data/perturbed_networks/power_sbm/perturbed_periphery_target/western_us_power_grid_sbm_targeted_periphery_removal_noise_0p02.parquet
power_sbm,power_sbm,periphery_target,addition,0.05,data/perturbed_networks/power_sbm/perturbed_periphery_target/western_us_power_grid_sbm_targeted_periphery_addition_noise_0p05.parquet
power_sbm,power_sbm,periphery_target,removal,0.05,data/perturbed_networks/power_sbm/perturbed_periphery_target/western_us_power_grid_sbm_targeted_periphery_removal_noise_0p05.parquet
power_sbm,power_sbm,periphery_target,addition,0.1,data/perturbed_networks/power_sbm/perturbed_periphery_target/western_us_power_grid_sbm_targeted_periphery_addition_noise_0p1.parquet
power_sbm,power_sbm,periphery_target,removal,0.1,data/perturbed_networks/power_sbm/perturbed_periphery_target/western_us_power_grid_sbm_targeted_periphery_removal_noise_0p1.parquet
power_sbm,power_sbm,periphery_target,addition,0.15,data/perturbed_networks/power_sbm/perturbed_periphery_target/western_us_power_grid_sbm_targeted_periphery_addition_noise_0p15.parquet
power_sbm,power_sbm,periphery_target,removal,0.15,data/perturbed_networks/power_sbm/perturbed_periphery_target/western_us_power_grid_sbm_targeted_periphery_removal_noise_0p15.parquet
power_sbm,power_sbm,periphery_target,addition,0.2,data/perturbed_networks/power_sbm/perturbed_periphery_target/western_us_power_grid_sbm_targeted_periphery_addition_noise_0p2.parquet
power_sbm,power_sbm,periphery_target,removal,0.2,data/perturbed_networks/power_sbm/perturbed_periphery_target/western_us_power_grid_sbm_targeted_periphery_removal_noise_0p2.parquet
power_sbm,power_sbm,periphery_target,removal,0.25,data/perturbed_networks/power_sbm/perturbed_periphery_target/western_us_power_grid_sbm_targeted_periphery_removal_noise_0p25.parquet
power_sbm,power_sbm,periphery_target,addition,0.3,data/perturbed_networks/power_sbm/perturbed_periphery_target/western_us_power_grid_sbm_targeted_periphery_addition_noise_0p3.parquet
power_sbm,power_sbm,periphery_target,removal,0.3,data/perturbed_networks/power_sbm/perturbed_periphery_target/western_us_power_grid_sbm_targeted_periphery_removal_noise_0p3.parquet
power_sbm,power_sbm,periphery_target,removal,0.4,data/perturbed_networks/power_sbm/perturbed_periphery_target/western_us_power_grid_sbm_targeted_periphery_removal_noise_0p4.parquet
power_sbm,power_sbm,periphery_target,addition,0.5,data/perturbed_networks/power_sbm/perturbed_periphery_target/western_us_power_grid_sbm_targeted_periphery_addition_noise_0p5.parquet
power_sbm,power_sbm,periphery_target,removal,0.5,data/perturbed_networks/power_sbm/perturbed_periphery_target/western_us_power_grid_sbm_targeted_periphery_removal_noise_0p5.parquet
power_sbm,power_sbm,periphery_target,addition,1.0,data/perturbed_networks/power_sbm/perturbed_periphery_target/western_us_power_grid_sbm_targeted_periphery_addition_noise_1p0.parquet
power_sbm,power_sbm,periphery_target,addition,1.5,data/perturbed_networks/power_sbm/perturbed_periphery_target/western_us_power_grid_sbm_targeted_periphery_addition_noise_1p5.parquet
power_sbm,power_sbm,periphery_target,addition,2.0,data/perturbed_networks/power_sbm/perturbed_periphery_target/western_us_power_grid_sbm_targeted_periphery_addition_noise_2p0.parquet
power_sbm,power_sbm,random_target,removal,0.02,data/perturbed_networks/power_sbm/perturbed_random_target/western_us_power_grid_sbm_removed_edges_noise_0p02.parquet
power_sbm,power_sbm,random_target,addition,0.05,data/perturbed_networks/power_sbm/perturbed_random_target/western_us_power_grid_sbm_added_edges_noise_0p05.parquet
power_sbm,power_sbm,random_target,removal,0.05,data/perturbed_networks/power_sbm/perturbed_random_target/western_us_power_grid_sbm_removed_edges_noise_0p05.parquet
power_sbm,power_sbm,random_target,addition,0.1,data/perturbed_networks/power_sbm/perturbed_random_target/western_us_power_grid_sbm_added_edges_noise_0p1.parquet
power_sbm,power_sbm,random_target,removal,0.1,data/perturbed_networks/power_sbm/perturbed_random_target/western_us_power_grid_sbm_removed_edges_noise_0p1.parquet
power_sbm,power_sbm,random_target,addition,0.15,data/perturbed_networks/power_sbm/perturbed_random_target/western_us_power_grid_sbm_added_edges_noise_0p15.parquet
power_sbm,power_sbm,random_target,removal,0.15,data/perturbed_networks/power_sbm/perturbed_random_target/western_us_power_grid_sbm_removed_edges_noise_0p15.parquet
power_sbm,power_sbm,random_target,addition,0.2,data/perturbed_networks/power_sbm/perturbed_random_target/western_us_power_grid_sbm_added_edges_noise_0p2.parquet
power_sbm,power_sbm,random_target,removal,0.2,data/perturbed_networks/power_sbm/perturbed_random_target/western_us_power_grid_sbm_removed_edges_noise_0p2.parquet
power_sbm,power_sbm,random_target,removal,0.25,data/perturbed_networks/power_sbm/perturbed_random_target/western_us_power_grid_sbm_removed_edges_noise_0p25.parquet
power_sbm,power_sbm,random_target,addition,0.3,data/perturbed_networks/power_sbm/perturbed_random_target/western_us_power_grid_sbm_added_edges_noise_0p3.parquet
power_sbm,power_sbm,random_target,removal,0.3,data/perturbed_networks/power_sbm/perturbed_random_target/western_us_power_grid_sbm_removed_edges_noise_0p3.parquet
power_sbm,power_sbm,random_target,removal,0.4,data/perturbed_networks/power_sbm/perturbed_random_target/western_us_power_grid_sbm_removed_edges_noise_0p4.parquet
power_sbm,power_sbm,random_target,addition,0.5,data/perturbed_networks/power_sbm/perturbed_random_target/western_us_power_grid_sbm_added_edges_noise_0p5.parquet
power_sbm,power_sbm,random_target,removal,0.5,data/perturbed_networks/power_sbm/perturbed_random_target/western_us_power_grid_sbm_removed_edges_noise_0p5.parquet
power_sbm,power_sbm,random_target,addition,1.0,data/perturbed_networks/power_sbm/perturbed_random_target/western_us_power_grid_sbm_added_edges_noise_1p0.parquet
power_sbm,power_sbm,random_target,addition,1.5,data/perturbed_networks/power_sbm/perturbed_random_target/western_us_power_grid_sbm_added_edges_noise_1p5.parquet
power_sbm,power_sbm,random_target,addition,2.0,data/perturbed_networks/power_sbm/perturbed_random_target/western_us_power_grid_sbm_added_edges_noise_2p0.parquet
ppi,ppi,hub_target,removal,0.02,data/perturbed_networks/ppi/perturbed_hub_target/chloe_ppi_lcc_2026_02_23_targeted_hub_removal_noise_0p02.parquet
ppi,ppi,hub_target,addition,0.05,data/perturbed_networks/ppi/perturbed_hub_target/chloe_ppi_lcc_2026_02_23_targeted_hub_addition_noise_0p05.parquet
ppi,ppi,hub_target,removal,0.05,data/perturbed_networks/ppi/perturbed_hub_target/chloe_ppi_lcc_2026_02_23_targeted_hub_removal_noise_0p05.parquet
ppi,ppi,hub_target,addition,0.1,data/perturbed_networks/ppi/perturbed_hub_target/chloe_ppi_lcc_2026_02_23_targeted_hub_addition_noise_0p1.parquet
ppi,ppi,hub_target,removal,0.1,data/perturbed_networks/ppi/perturbed_hub_target/chloe_ppi_lcc_2026_02_23_targeted_hub_removal_noise_0p1.parquet
ppi,ppi,hub_target,addition,0.15,data/perturbed_networks/ppi/perturbed_hub_target/chloe_ppi_lcc_2026_02_23_targeted_hub_addition_noise_0p15.parquet
ppi,ppi,hub_target,removal,0.15,data/perturbed_networks/ppi/perturbed_hub_target/chloe_ppi_lcc_2026_02_23_targeted_hub_removal_noise_0p15.parquet
ppi,ppi,hub_target,addition,0.2,data/perturbed_networks/ppi/perturbed_hub_target/chloe_ppi_lcc_2026_02_23_targeted_hub_addition_noise_0p2.parquet
ppi,ppi,hub_target,removal,0.2,data/perturbed_networks/ppi/perturbed_hub_target/chloe_ppi_lcc_2026_02_23_targeted_hub_removal_noise_0p2.parquet
ppi,ppi,hub_target,removal,0.25,data/perturbed_networks/ppi/perturbed_hub_target/chloe_ppi_lcc_2026_02_23_targeted_hub_removal_noise_0p25.parquet
ppi,ppi,hub_target,addition,0.3,data/perturbed_networks/ppi/perturbed_hub_target/chloe_ppi_lcc_2026_02_23_targeted_hub_addition_noise_0p3.parquet
ppi,ppi,hub_target,removal,0.3,data/perturbed_networks/ppi/perturbed_hub_target/chloe_ppi_lcc_2026_02_23_targeted_hub_removal_noise_0p3.parquet
ppi,ppi,hub_target,removal,0.4,data/perturbed_networks/ppi/perturbed_hub_target/chloe_ppi_lcc_2026_02_23_targeted_hub_removal_noise_0p4.parquet
ppi,ppi,hub_target,addition,0.5,data/perturbed_networks/ppi/perturbed_hub_target/chloe_ppi_lcc_2026_02_23_targeted_hub_addition_noise_0p5.parquet
ppi,ppi,hub_target,removal,0.5,data/perturbed_networks/ppi/perturbed_hub_target/chloe_ppi_lcc_2026_02_23_targeted_hub_removal_noise_0p5.parquet
ppi,ppi,hub_target,addition,1.0,data/perturbed_networks/ppi/perturbed_hub_target/chloe_ppi_lcc_2026_02_23_targeted_hub_addition_noise_1p0.parquet
ppi,ppi,hub_target,addition,1.5,data/perturbed_networks/ppi/perturbed_hub_target/chloe_ppi_lcc_2026_02_23_targeted_hub_addition_noise_1p5.parquet
ppi,ppi,hub_target,addition,2.0,data/perturbed_networks/ppi/perturbed_hub_target/chloe_ppi_lcc_2026_02_23_targeted_hub_addition_noise_2p0.parquet
ppi,ppi,periphery_target,removal,0.02,data/perturbed_networks/ppi/perturbed_periphery_target/chloe_ppi_lcc_2026_02_23_targeted_periphery_removal_noise_0p02.parquet
ppi,ppi,periphery_target,addition,0.05,data/perturbed_networks/ppi/perturbed_periphery_target/chloe_ppi_lcc_2026_02_23_targeted_periphery_addition_noise_0p05.parquet
ppi,ppi,periphery_target,removal,0.05,data/perturbed_networks/ppi/perturbed_periphery_target/chloe_ppi_lcc_2026_02_23_targeted_periphery_removal_noise_0p05.parquet
ppi,ppi,periphery_target,addition,0.1,data/perturbed_networks/ppi/perturbed_periphery_target/chloe_ppi_lcc_2026_02_23_targeted_periphery_addition_noise_0p1.parquet
ppi,ppi,periphery_target,removal,0.1,data/perturbed_networks/ppi/perturbed_periphery_target/chloe_ppi_lcc_2026_02_23_targeted_periphery_removal_noise_0p1.parquet
ppi,ppi,periphery_target,addition,0.15,data/perturbed_networks/ppi/perturbed_periphery_target/chloe_ppi_lcc_2026_02_23_targeted_periphery_addition_noise_0p15.parquet
ppi,ppi,periphery_target,removal,0.15,data/perturbed_networks/ppi/perturbed_periphery_target/chloe_ppi_lcc_2026_02_23_targeted_periphery_removal_noise_0p15.parquet
ppi,ppi,periphery_target,addition,0.2,data/perturbed_networks/ppi/perturbed_periphery_target/chloe_ppi_lcc_2026_02_23_targeted_periphery_addition_noise_0p2.parquet
ppi,ppi,periphery_target,removal,0.2,data/perturbed_networks/ppi/perturbed_periphery_target/chloe_ppi_lcc_2026_02_23_targeted_periphery_removal_noise_0p2.parquet
ppi,ppi,periphery_target,removal,0.25,data/perturbed_networks/ppi/perturbed_periphery_target/chloe_ppi_lcc_2026_02_23_targeted_periphery_removal_noise_0p25.parquet
ppi,ppi,periphery_target,addition,0.3,data/perturbed_networks/ppi/perturbed_periphery_target/chloe_ppi_lcc_2026_02_23_targeted_periphery_addition_noise_0p3.parquet
ppi,ppi,periphery_target,removal,0.3,data/perturbed_networks/ppi/perturbed_periphery_target/chloe_ppi_lcc_2026_02_23_targeted_periphery_removal_noise_0p3.parquet
ppi,ppi,periphery_target,removal,0.4,data/perturbed_networks/ppi/perturbed_periphery_target/chloe_ppi_lcc_2026_02_23_targeted_periphery_removal_noise_0p4.parquet
ppi,ppi,periphery_target,addition,0.5,data/perturbed_networks/ppi/perturbed_periphery_target/chloe_ppi_lcc_2026_02_23_targeted_periphery_addition_noise_0p5.parquet
ppi,ppi,periphery_target,removal,0.5,data/perturbed_networks/ppi/perturbed_periphery_target/chloe_ppi_lcc_2026_02_23_targeted_periphery_removal_noise_0p5.parquet
ppi,ppi,periphery_target,addition,1.0,data/perturbed_networks/ppi/perturbed_periphery_target/chloe_ppi_lcc_2026_02_23_targeted_periphery_addition_noise_1p0.parquet
ppi,ppi,periphery_target,addition,1.5,data/perturbed_networks/ppi/perturbed_periphery_target/chloe_ppi_lcc_2026_02_23_targeted_periphery_addition_noise_1p5.parquet
ppi,ppi,periphery_target,addition,2.0,data/perturbed_networks/ppi/perturbed_periphery_target/chloe_ppi_lcc_2026_02_23_targeted_periphery_addition_noise_2p0.parquet
ppi,ppi,random_target,removal,0.02,data/perturbed_networks/ppi/perturbed_random_target/chloe_ppi_lcc_2026_02_23_removed_edges_noise_0p02.parquet
ppi,ppi,random_target,addition,0.05,data/perturbed_networks/ppi/perturbed_random_target/chloe_ppi_lcc_2026_02_23_added_edges_noise_0p05.parquet
ppi,ppi,random_target,removal,0.05,data/perturbed_networks/ppi/perturbed_random_target/chloe_ppi_lcc_2026_02_23_removed_edges_noise_0p05.parquet
ppi,ppi,random_target,addition,0.1,data/perturbed_networks/ppi/perturbed_random_target/chloe_ppi_lcc_2026_02_23_added_edges_noise_0p1.parquet
ppi,ppi,random_target,removal,0.1,data/perturbed_networks/ppi/perturbed_random_target/chloe_ppi_lcc_2026_02_23_removed_edges_noise_0p1.parquet
ppi,ppi,random_target,addition,0.15,data/perturbed_networks/ppi/perturbed_random_target/chloe_ppi_lcc_2026_02_23_added_edges_noise_0p15.parquet
ppi,ppi,random_target,removal,0.15,data/perturbed_networks/ppi/perturbed_random_target/chloe_ppi_lcc_2026_02_23_removed_edges_noise_0p15.parquet
ppi,ppi,random_target,addition,0.2,data/perturbed_networks/ppi/perturbed_random_target/chloe_ppi_lcc_2026_02_23_added_edges_noise_0p2.parquet
ppi,ppi,random_target,removal,0.2,data/perturbed_networks/ppi/perturbed_random_target/chloe_ppi_lcc_2026_02_23_removed_edges_noise_0p2.parquet
ppi,ppi,random_target,removal,0.25,data/perturbed_networks/ppi/perturbed_random_target/chloe_ppi_lcc_2026_02_23_removed_edges_noise_0p25.parquet
ppi,ppi,random_target,addition,0.3,data/perturbed_networks/ppi/perturbed_random_target/chloe_ppi_lcc_2026_02_23_added_edges_noise_0p3.parquet
ppi,ppi,random_target,removal,0.3,data/perturbed_networks/ppi/perturbed_random_target/chloe_ppi_lcc_2026_02_23_removed_edges_noise_0p3.parquet
ppi,ppi,random_target,removal,0.4,data/perturbed_networks/ppi/perturbed_random_target/chloe_ppi_lcc_2026_02_23_removed_edges_noise_0p4.parquet
ppi,ppi,random_target,addition,0.5,data/perturbed_networks/ppi/perturbed_random_target/chloe_ppi_lcc_2026_02_23_added_edges_noise_0p5.parquet
ppi,ppi,random_target,removal,0.5,data/perturbed_networks/ppi/perturbed_random_target/chloe_ppi_lcc_2026_02_23_removed_edges_noise_0p5.parquet
ppi,ppi,random_target,addition,1.0,data/perturbed_networks/ppi/perturbed_random_target/chloe_ppi_lcc_2026_02_23_added_edges_noise_1p0.parquet
ppi,ppi,random_target,addition,1.5,data/perturbed_networks/ppi/perturbed_random_target/chloe_ppi_lcc_2026_02_23_added_edges_noise_1p5.parquet
ppi,ppi,random_target,addition,2.0,data/perturbed_networks/ppi/perturbed_random_target/chloe_ppi_lcc_2026_02_23_added_edges_noise_2p0.parquet
ppi_conf,ppi_conf,hub_target,removal,0.02,data/perturbed_networks/ppi_conf/perturbed_hub_target/chloe_ppi_lcc_2026_02_23_config_targeted_hub_removal_noise_0p02.parquet
ppi_conf,ppi_conf,hub_target,addition,0.05,data/perturbed_networks/ppi_conf/perturbed_hub_target/chloe_ppi_lcc_2026_02_23_config_targeted_hub_addition_noise_0p05.parquet
ppi_conf,ppi_conf,hub_target,removal,0.05,data/perturbed_networks/ppi_conf/perturbed_hub_target/chloe_ppi_lcc_2026_02_23_config_targeted_hub_removal_noise_0p05.parquet
ppi_conf,ppi_conf,hub_target,addition,0.1,data/perturbed_networks/ppi_conf/perturbed_hub_target/chloe_ppi_lcc_2026_02_23_config_targeted_hub_addition_noise_0p1.parquet
ppi_conf,ppi_conf,hub_target,removal,0.1,data/perturbed_networks/ppi_conf/perturbed_hub_target/chloe_ppi_lcc_2026_02_23_config_targeted_hub_removal_noise_0p1.parquet
ppi_conf,ppi_conf,hub_target,addition,0.15,data/perturbed_networks/ppi_conf/perturbed_hub_target/chloe_ppi_lcc_2026_02_23_config_targeted_hub_addition_noise_0p15.parquet
ppi_conf,ppi_conf,hub_target,removal,0.15,data/perturbed_networks/ppi_conf/perturbed_hub_target/chloe_ppi_lcc_2026_02_23_config_targeted_hub_removal_noise_0p15.parquet
ppi_conf,ppi_conf,hub_target,addition,0.2,data/perturbed_networks/ppi_conf/perturbed_hub_target/chloe_ppi_lcc_2026_02_23_config_targeted_hub_addition_noise_0p2.parquet
ppi_conf,ppi_conf,hub_target,removal,0.2,data/perturbed_networks/ppi_conf/perturbed_hub_target/chloe_ppi_lcc_2026_02_23_config_targeted_hub_removal_noise_0p2.parquet
ppi_conf,ppi_conf,hub_target,removal,0.25,data/perturbed_networks/ppi_conf/perturbed_hub_target/chloe_ppi_lcc_2026_02_23_config_targeted_hub_removal_noise_0p25.parquet
ppi_conf,ppi_conf,hub_target,addition,0.3,data/perturbed_networks/ppi_conf/perturbed_hub_target/chloe_ppi_lcc_2026_02_23_config_targeted_hub_addition_noise_0p3.parquet
ppi_conf,ppi_conf,hub_target,removal,0.3,data/perturbed_networks/ppi_conf/perturbed_hub_target/chloe_ppi_lcc_2026_02_23_config_targeted_hub_removal_noise_0p3.parquet
ppi_conf,ppi_conf,hub_target,removal,0.4,data/perturbed_networks/ppi_conf/perturbed_hub_target/chloe_ppi_lcc_2026_02_23_config_targeted_hub_removal_noise_0p4.parquet
ppi_conf,ppi_conf,hub_target,addition,0.5,data/perturbed_networks/ppi_conf/perturbed_hub_target/chloe_ppi_lcc_2026_02_23_config_targeted_hub_addition_noise_0p5.parquet
ppi_conf,ppi_conf,hub_target,removal,0.5,data/perturbed_networks/ppi_conf/perturbed_hub_target/chloe_ppi_lcc_2026_02_23_config_targeted_hub_removal_noise_0p5.parquet
ppi_conf,ppi_conf,hub_target,addition,1.0,data/perturbed_networks/ppi_conf/perturbed_hub_target/chloe_ppi_lcc_2026_02_23_config_targeted_hub_addition_noise_1p0.parquet
ppi_conf,ppi_conf,hub_target,addition,1.5,data/perturbed_networks/ppi_conf/perturbed_hub_target/chloe_ppi_lcc_2026_02_23_config_targeted_hub_addition_noise_1p5.parquet
ppi_conf,ppi_conf,hub_target,addition,2.0,data/perturbed_networks/ppi_conf/perturbed_hub_target/chloe_ppi_lcc_2026_02_23_config_targeted_hub_addition_noise_2p0.parquet
ppi_conf,ppi_conf,periphery_target,removal,0.02,data/perturbed_networks/ppi_conf/perturbed_periphery_target/chloe_ppi_lcc_2026_02_23_config_targeted_periphery_removal_noise_0p02.parquet
ppi_conf,ppi_conf,periphery_target,addition,0.05,data/perturbed_networks/ppi_conf/perturbed_periphery_target/chloe_ppi_lcc_2026_02_23_config_targeted_periphery_addition_noise_0p05.parquet
ppi_conf,ppi_conf,periphery_target,removal,0.05,data/perturbed_networks/ppi_conf/perturbed_periphery_target/chloe_ppi_lcc_2026_02_23_config_targeted_periphery_removal_noise_0p05.parquet
ppi_conf,ppi_conf,periphery_target,addition,0.1,data/perturbed_networks/ppi_conf/perturbed_periphery_target/chloe_ppi_lcc_2026_02_23_config_targeted_periphery_addition_noise_0p1.parquet
ppi_conf,ppi_conf,periphery_target,removal,0.1,data/perturbed_networks/ppi_conf/perturbed_periphery_target/chloe_ppi_lcc_2026_02_23_config_targeted_periphery_removal_noise_0p1.parquet
ppi_conf,ppi_conf,periphery_target,addition,0.15,data/perturbed_networks/ppi_conf/perturbed_periphery_target/chloe_ppi_lcc_2026_02_23_config_targeted_periphery_addition_noise_0p15.parquet
ppi_conf,ppi_conf,periphery_target,removal,0.15,data/perturbed_networks/ppi_conf/perturbed_periphery_target/chloe_ppi_lcc_2026_02_23_config_targeted_periphery_removal_noise_0p15.parquet
ppi_conf,ppi_conf,periphery_target,addition,0.2,data/perturbed_networks/ppi_conf/perturbed_periphery_target/chloe_ppi_lcc_2026_02_23_config_targeted_periphery_addition_noise_0p2.parquet
ppi_conf,ppi_conf,periphery_target,removal,0.2,data/perturbed_networks/ppi_conf/perturbed_periphery_target/chloe_ppi_lcc_2026_02_23_config_targeted_periphery_removal_noise_0p2.parquet
ppi_conf,ppi_conf,periphery_target,removal,0.25,data/perturbed_networks/ppi_conf/perturbed_periphery_target/chloe_ppi_lcc_2026_02_23_config_targeted_periphery_removal_noise_0p25.parquet
ppi_conf,ppi_conf,periphery_target,addition,0.3,data/perturbed_networks/ppi_conf/perturbed_periphery_target/chloe_ppi_lcc_2026_02_23_config_targeted_periphery_addition_noise_0p3.parquet
ppi_conf,ppi_conf,periphery_target,removal,0.3,data/perturbed_networks/ppi_conf/perturbed_periphery_target/chloe_ppi_lcc_2026_02_23_config_targeted_periphery_removal_noise_0p3.parquet
ppi_conf,ppi_conf,periphery_target,removal,0.4,data/perturbed_networks/ppi_conf/perturbed_periphery_target/chloe_ppi_lcc_2026_02_23_config_targeted_periphery_removal_noise_0p4.parquet
ppi_conf,ppi_conf,periphery_target,addition,0.5,data/perturbed_networks/ppi_conf/perturbed_periphery_target/chloe_ppi_lcc_2026_02_23_config_targeted_periphery_addition_noise_0p5.parquet
ppi_conf,ppi_conf,periphery_target,removal,0.5,data/perturbed_networks/ppi_conf/perturbed_periphery_target/chloe_ppi_lcc_2026_02_23_config_targeted_periphery_removal_noise_0p5.parquet
ppi_conf,ppi_conf,periphery_target,addition,1.0,data/perturbed_networks/ppi_conf/perturbed_periphery_target/chloe_ppi_lcc_2026_02_23_config_targeted_periphery_addition_noise_1p0.parquet
ppi_conf,ppi_conf,periphery_target,addition,1.5,data/perturbed_networks/ppi_conf/perturbed_periphery_target/chloe_ppi_lcc_2026_02_23_config_targeted_periphery_addition_noise_1p5.parquet
ppi_conf,ppi_conf,periphery_target,addition,2.0,data/perturbed_networks/ppi_conf/perturbed_periphery_target/chloe_ppi_lcc_2026_02_23_config_targeted_periphery_addition_noise_2p0.parquet
ppi_conf,ppi_conf,random_target,removal,0.02,data/perturbed_networks/ppi_conf/perturbed_random_target/chloe_ppi_lcc_2026_02_23_config_removed_edges_noise_0p02.parquet
ppi_conf,ppi_conf,random_target,addition,0.05,data/perturbed_networks/ppi_conf/perturbed_random_target/chloe_ppi_lcc_2026_02_23_config_added_edges_noise_0p05.parquet
ppi_conf,ppi_conf,random_target,removal,0.05,data/perturbed_networks/ppi_conf/perturbed_random_target/chloe_ppi_lcc_2026_02_23_config_removed_edges_noise_0p05.parquet
ppi_conf,ppi_conf,random_target,addition,0.1,data/perturbed_networks/ppi_conf/perturbed_random_target/chloe_ppi_lcc_2026_02_23_config_added_edges_noise_0p1.parquet
ppi_conf,ppi_conf,random_target,removal,0.1,data/perturbed_networks/ppi_conf/perturbed_random_target/chloe_ppi_lcc_2026_02_23_config_removed_edges_noise_0p1.parquet
ppi_conf,ppi_conf,random_target,addition,0.15,data/perturbed_networks/ppi_conf/perturbed_random_target/chloe_ppi_lcc_2026_02_23_config_added_edges_noise_0p15.parquet
ppi_conf,ppi_conf,random_target,removal,0.15,data/perturbed_networks/ppi_conf/perturbed_random_target/chloe_ppi_lcc_2026_02_23_config_removed_edges_noise_0p15.parquet
ppi_conf,ppi_conf,random_target,addition,0.2,data/perturbed_networks/ppi_conf/perturbed_random_target/chloe_ppi_lcc_2026_02_23_config_added_edges_noise_0p2.parquet
ppi_conf,ppi_conf,random_target,removal,0.2,data/perturbed_networks/ppi_conf/perturbed_random_target/chloe_ppi_lcc_2026_02_23_config_removed_edges_noise_0p2.parquet
ppi_conf,ppi_conf,random_target,removal,0.25,data/perturbed_networks/ppi_conf/perturbed_random_target/chloe_ppi_lcc_2026_02_23_config_removed_edges_noise_0p25.parquet
ppi_conf,ppi_conf,random_target,addition,0.3,data/perturbed_networks/ppi_conf/perturbed_random_target/chloe_ppi_lcc_2026_02_23_config_added_edges_noise_0p3.parquet
ppi_conf,ppi_conf,random_target,removal,0.3,data/perturbed_networks/ppi_conf/perturbed_random_target/chloe_ppi_lcc_2026_02_23_config_removed_edges_noise_0p3.parquet
ppi_conf,ppi_conf,random_target,removal,0.4,data/perturbed_networks/ppi_conf/perturbed_random_target/chloe_ppi_lcc_2026_02_23_config_removed_edges_noise_0p4.parquet
ppi_conf,ppi_conf,random_target,addition,0.5,data/perturbed_networks/ppi_conf/perturbed_random_target/chloe_ppi_lcc_2026_02_23_config_added_edges_noise_0p5.parquet
ppi_conf,ppi_conf,random_target,removal,0.5,data/perturbed_networks/ppi_conf/perturbed_random_target/chloe_ppi_lcc_2026_02_23_config_removed_edges_noise_0p5.parquet
ppi_conf,ppi_conf,random_target,addition,1.0,data/perturbed_networks/ppi_conf/perturbed_random_target/chloe_ppi_lcc_2026_02_23_config_added_edges_noise_1p0.parquet
ppi_conf,ppi_conf,random_target,addition,1.5,data/perturbed_networks/ppi_conf/perturbed_random_target/chloe_ppi_lcc_2026_02_23_config_added_edges_noise_1p5.parquet
ppi_conf,ppi_conf,random_target,addition,2.0,data/perturbed_networks/ppi_conf/perturbed_random_target/chloe_ppi_lcc_2026_02_23_config_added_edges_noise_2p0.parquet
ppi_er,ppi_er,hub_target,removal,0.02,data/perturbed_networks/ppi_er/perturbed_hub_target/chloe_ppi_lcc_2026_02_23_er_targeted_hub_removal_noise_0p02.parquet
ppi_er,ppi_er,hub_target,addition,0.05,data/perturbed_networks/ppi_er/perturbed_hub_target/chloe_ppi_lcc_2026_02_23_er_targeted_hub_addition_noise_0p05.parquet
ppi_er,ppi_er,hub_target,removal,0.05,data/perturbed_networks/ppi_er/perturbed_hub_target/chloe_ppi_lcc_2026_02_23_er_targeted_hub_removal_noise_0p05.parquet
ppi_er,ppi_er,hub_target,addition,0.1,data/perturbed_networks/ppi_er/perturbed_hub_target/chloe_ppi_lcc_2026_02_23_er_targeted_hub_addition_noise_0p1.parquet
ppi_er,ppi_er,hub_target,removal,0.1,data/perturbed_networks/ppi_er/perturbed_hub_target/chloe_ppi_lcc_2026_02_23_er_targeted_hub_removal_noise_0p1.parquet
ppi_er,ppi_er,hub_target,addition,0.15,data/perturbed_networks/ppi_er/perturbed_hub_target/chloe_ppi_lcc_2026_02_23_er_targeted_hub_addition_noise_0p15.parquet
ppi_er,ppi_er,hub_target,removal,0.15,data/perturbed_networks/ppi_er/perturbed_hub_target/chloe_ppi_lcc_2026_02_23_er_targeted_hub_removal_noise_0p15.parquet
ppi_er,ppi_er,hub_target,addition,0.2,data/perturbed_networks/ppi_er/perturbed_hub_target/chloe_ppi_lcc_2026_02_23_er_targeted_hub_addition_noise_0p2.parquet
ppi_er,ppi_er,hub_target,removal,0.2,data/perturbed_networks/ppi_er/perturbed_hub_target/chloe_ppi_lcc_2026_02_23_er_targeted_hub_removal_noise_0p2.parquet
ppi_er,ppi_er,hub_target,removal,0.25,data/perturbed_networks/ppi_er/perturbed_hub_target/chloe_ppi_lcc_2026_02_23_er_targeted_hub_removal_noise_0p25.parquet
ppi_er,ppi_er,hub_target,addition,0.3,data/perturbed_networks/ppi_er/perturbed_hub_target/chloe_ppi_lcc_2026_02_23_er_targeted_hub_addition_noise_0p3.parquet
ppi_er,ppi_er,hub_target,removal,0.3,data/perturbed_networks/ppi_er/perturbed_hub_target/chloe_ppi_lcc_2026_02_23_er_targeted_hub_removal_noise_0p3.parquet
ppi_er,ppi_er,hub_target,removal,0.4,data/perturbed_networks/ppi_er/perturbed_hub_target/chloe_ppi_lcc_2026_02_23_er_targeted_hub_removal_noise_0p4.parquet
ppi_er,ppi_er,hub_target,addition,0.5,data/perturbed_networks/ppi_er/perturbed_hub_target/chloe_ppi_lcc_2026_02_23_er_targeted_hub_addition_noise_0p5.parquet
ppi_er,ppi_er,hub_target,removal,0.5,data/perturbed_networks/ppi_er/perturbed_hub_target/chloe_ppi_lcc_2026_02_23_er_targeted_hub_removal_noise_0p5.parquet
ppi_er,ppi_er,hub_target,addition,1.0,data/perturbed_networks/ppi_er/perturbed_hub_target/chloe_ppi_lcc_2026_02_23_er_targeted_hub_addition_noise_1p0.parquet
ppi_er,ppi_er,hub_target,addition,1.5,data/perturbed_networks/ppi_er/perturbed_hub_target/chloe_ppi_lcc_2026_02_23_er_targeted_hub_addition_noise_1p5.parquet
ppi_er,ppi_er,hub_target,addition,2.0,data/perturbed_networks/ppi_er/perturbed_hub_target/chloe_ppi_lcc_2026_02_23_er_targeted_hub_addition_noise_2p0.parquet
ppi_er,ppi_er,periphery_target,removal,0.02,data/perturbed_networks/ppi_er/perturbed_periphery_target/chloe_ppi_lcc_2026_02_23_er_targeted_periphery_removal_noise_0p02.parquet
ppi_er,ppi_er,periphery_target,addition,0.05,data/perturbed_networks/ppi_er/perturbed_periphery_target/chloe_ppi_lcc_2026_02_23_er_targeted_periphery_addition_noise_0p05.parquet
ppi_er,ppi_er,periphery_target,removal,0.05,data/perturbed_networks/ppi_er/perturbed_periphery_target/chloe_ppi_lcc_2026_02_23_er_targeted_periphery_removal_noise_0p05.parquet
ppi_er,ppi_er,periphery_target,addition,0.1,data/perturbed_networks/ppi_er/perturbed_periphery_target/chloe_ppi_lcc_2026_02_23_er_targeted_periphery_addition_noise_0p1.parquet
ppi_er,ppi_er,periphery_target,removal,0.1,data/perturbed_networks/ppi_er/perturbed_periphery_target/chloe_ppi_lcc_2026_02_23_er_targeted_periphery_removal_noise_0p1.parquet
ppi_er,ppi_er,periphery_target,addition,0.15,data/perturbed_networks/ppi_er/perturbed_periphery_target/chloe_ppi_lcc_2026_02_23_er_targeted_periphery_addition_noise_0p15.parquet
ppi_er,ppi_er,periphery_target,removal,0.15,data/perturbed_networks/ppi_er/perturbed_periphery_target/chloe_ppi_lcc_2026_02_23_er_targeted_periphery_removal_noise_0p15.parquet
ppi_er,ppi_er,periphery_target,addition,0.2,data/perturbed_networks/ppi_er/perturbed_periphery_target/chloe_ppi_lcc_2026_02_23_er_targeted_periphery_addition_noise_0p2.parquet
ppi_er,ppi_er,periphery_target,removal,0.2,data/perturbed_networks/ppi_er/perturbed_periphery_target/chloe_ppi_lcc_2026_02_23_er_targeted_periphery_removal_noise_0p2.parquet
ppi_er,ppi_er,periphery_target,removal,0.25,data/perturbed_networks/ppi_er/perturbed_periphery_target/chloe_ppi_lcc_2026_02_23_er_targeted_periphery_removal_noise_0p25.parquet
ppi_er,ppi_er,periphery_target,addition,0.3,data/perturbed_networks/ppi_er/perturbed_periphery_target/chloe_ppi_lcc_2026_02_23_er_targeted_periphery_addition_noise_0p3.parquet
ppi_er,ppi_er,periphery_target,removal,0.3,data/perturbed_networks/ppi_er/perturbed_periphery_target/chloe_ppi_lcc_2026_02_23_er_targeted_periphery_removal_noise_0p3.parquet
ppi_er,ppi_er,periphery_target,removal,0.4,data/perturbed_networks/ppi_er/perturbed_periphery_target/chloe_ppi_lcc_2026_02_23_er_targeted_periphery_removal_noise_0p4.parquet
ppi_er,ppi_er,periphery_target,addition,0.5,data/perturbed_networks/ppi_er/perturbed_periphery_target/chloe_ppi_lcc_2026_02_23_er_targeted_periphery_addition_noise_0p5.parquet
ppi_er,ppi_er,periphery_target,removal,0.5,data/perturbed_networks/ppi_er/perturbed_periphery_target/chloe_ppi_lcc_2026_02_23_er_targeted_periphery_removal_noise_0p5.parquet
ppi_er,ppi_er,periphery_target,addition,1.0,data/perturbed_networks/ppi_er/perturbed_periphery_target/chloe_ppi_lcc_2026_02_23_er_targeted_periphery_addition_noise_1p0.parquet
ppi_er,ppi_er,periphery_target,addition,1.5,data/perturbed_networks/ppi_er/perturbed_periphery_target/chloe_ppi_lcc_2026_02_23_er_targeted_periphery_addition_noise_1p5.parquet
ppi_er,ppi_er,periphery_target,addition,2.0,data/perturbed_networks/ppi_er/perturbed_periphery_target/chloe_ppi_lcc_2026_02_23_er_targeted_periphery_addition_noise_2p0.parquet
ppi_er,ppi_er,random_target,removal,0.02,data/perturbed_networks/ppi_er/perturbed_random_target/chloe_ppi_lcc_2026_02_23_er_removed_edges_noise_0p02.parquet
ppi_er,ppi_er,random_target,addition,0.05,data/perturbed_networks/ppi_er/perturbed_random_target/chloe_ppi_lcc_2026_02_23_er_added_edges_noise_0p05.parquet
ppi_er,ppi_er,random_target,removal,0.05,data/perturbed_networks/ppi_er/perturbed_random_target/chloe_ppi_lcc_2026_02_23_er_removed_edges_noise_0p05.parquet
ppi_er,ppi_er,random_target,addition,0.1,data/perturbed_networks/ppi_er/perturbed_random_target/chloe_ppi_lcc_2026_02_23_er_added_edges_noise_0p1.parquet
ppi_er,ppi_er,random_target,removal,0.1,data/perturbed_networks/ppi_er/perturbed_random_target/chloe_ppi_lcc_2026_02_23_er_removed_edges_noise_0p1.parquet
ppi_er,ppi_er,random_target,addition,0.15,data/perturbed_networks/ppi_er/perturbed_random_target/chloe_ppi_lcc_2026_02_23_er_added_edges_noise_0p15.parquet
ppi_er,ppi_er,random_target,removal,0.15,data/perturbed_networks/ppi_er/perturbed_random_target/chloe_ppi_lcc_2026_02_23_er_removed_edges_noise_0p15.parquet
ppi_er,ppi_er,random_target,addition,0.2,data/perturbed_networks/ppi_er/perturbed_random_target/chloe_ppi_lcc_2026_02_23_er_added_edges_noise_0p2.parquet
ppi_er,ppi_er,random_target,removal,0.2,data/perturbed_networks/ppi_er/perturbed_random_target/chloe_ppi_lcc_2026_02_23_er_removed_edges_noise_0p2.parquet
ppi_er,ppi_er,random_target,removal,0.25,data/perturbed_networks/ppi_er/perturbed_random_target/chloe_ppi_lcc_2026_02_23_er_removed_edges_noise_0p25.parquet
ppi_er,ppi_er,random_target,addition,0.3,data/perturbed_networks/ppi_er/perturbed_random_target/chloe_ppi_lcc_2026_02_23_er_added_edges_noise_0p3.parquet
ppi_er,ppi_er,random_target,removal,0.3,data/perturbed_networks/ppi_er/perturbed_random_target/chloe_ppi_lcc_2026_02_23_er_removed_edges_noise_0p3.parquet
ppi_er,ppi_er,random_target,removal,0.4,data/perturbed_networks/ppi_er/perturbed_random_target/chloe_ppi_lcc_2026_02_23_er_removed_edges_noise_0p4.parquet
ppi_er,ppi_er,random_target,addition,0.5,data/perturbed_networks/ppi_er/perturbed_random_target/chloe_ppi_lcc_2026_02_23_er_added_edges_noise_0p5.parquet
ppi_er,ppi_er,random_target,removal,0.5,data/perturbed_networks/ppi_er/perturbed_random_target/chloe_ppi_lcc_2026_02_23_er_removed_edges_noise_0p5.parquet
ppi_er,ppi_er,random_target,addition,1.0,data/perturbed_networks/ppi_er/perturbed_random_target/chloe_ppi_lcc_2026_02_23_er_added_edges_noise_1p0.parquet
ppi_er,ppi_er,random_target,addition,1.5,data/perturbed_networks/ppi_er/perturbed_random_target/chloe_ppi_lcc_2026_02_23_er_added_edges_noise_1p5.parquet
ppi_er,ppi_er,random_target,addition,2.0,data/perturbed_networks/ppi_er/perturbed_random_target/chloe_ppi_lcc_2026_02_23_er_added_edges_noise_2p0.parquet
ppi_sbm,ppi_sbm,hub_target,removal,0.02,data/perturbed_networks/ppi_sbm/perturbed_hub_target/chloe_ppi_lcc_2026_02_23_sbm_targeted_hub_removal_noise_0p02.parquet
ppi_sbm,ppi_sbm,hub_target,addition,0.05,data/perturbed_networks/ppi_sbm/perturbed_hub_target/chloe_ppi_lcc_2026_02_23_sbm_targeted_hub_addition_noise_0p05.parquet
ppi_sbm,ppi_sbm,hub_target,removal,0.05,data/perturbed_networks/ppi_sbm/perturbed_hub_target/chloe_ppi_lcc_2026_02_23_sbm_targeted_hub_removal_noise_0p05.parquet
ppi_sbm,ppi_sbm,hub_target,addition,0.1,data/perturbed_networks/ppi_sbm/perturbed_hub_target/chloe_ppi_lcc_2026_02_23_sbm_targeted_hub_addition_noise_0p1.parquet
ppi_sbm,ppi_sbm,hub_target,removal,0.1,data/perturbed_networks/ppi_sbm/perturbed_hub_target/chloe_ppi_lcc_2026_02_23_sbm_targeted_hub_removal_noise_0p1.parquet
ppi_sbm,ppi_sbm,hub_target,addition,0.15,data/perturbed_networks/ppi_sbm/perturbed_hub_target/chloe_ppi_lcc_2026_02_23_sbm_targeted_hub_addition_noise_0p15.parquet
ppi_sbm,ppi_sbm,hub_target,removal,0.15,data/perturbed_networks/ppi_sbm/perturbed_hub_target/chloe_ppi_lcc_2026_02_23_sbm_targeted_hub_removal_noise_0p15.parquet
ppi_sbm,ppi_sbm,hub_target,addition,0.2,data/perturbed_networks/ppi_sbm/perturbed_hub_target/chloe_ppi_lcc_2026_02_23_sbm_targeted_hub_addition_noise_0p2.parquet
ppi_sbm,ppi_sbm,hub_target,removal,0.2,data/perturbed_networks/ppi_sbm/perturbed_hub_target/chloe_ppi_lcc_2026_02_23_sbm_targeted_hub_removal_noise_0p2.parquet
ppi_sbm,ppi_sbm,hub_target,removal,0.25,data/perturbed_networks/ppi_sbm/perturbed_hub_target/chloe_ppi_lcc_2026_02_23_sbm_targeted_hub_removal_noise_0p25.parquet
ppi_sbm,ppi_sbm,hub_target,addition,0.3,data/perturbed_networks/ppi_sbm/perturbed_hub_target/chloe_ppi_lcc_2026_02_23_sbm_targeted_hub_addition_noise_0p3.parquet
ppi_sbm,ppi_sbm,hub_target,removal,0.3,data/perturbed_networks/ppi_sbm/perturbed_hub_target/chloe_ppi_lcc_2026_02_23_sbm_targeted_hub_removal_noise_0p3.parquet
ppi_sbm,ppi_sbm,hub_target,removal,0.4,data/perturbed_networks/ppi_sbm/perturbed_hub_target/chloe_ppi_lcc_2026_02_23_sbm_targeted_hub_removal_noise_0p4.parquet
ppi_sbm,ppi_sbm,hub_target,addition,0.5,data/perturbed_networks/ppi_sbm/perturbed_hub_target/chloe_ppi_lcc_2026_02_23_sbm_targeted_hub_addition_noise_0p5.parquet
ppi_sbm,ppi_sbm,hub_target,removal,0.5,data/perturbed_networks/ppi_sbm/perturbed_hub_target/chloe_ppi_lcc_2026_02_23_sbm_targeted_hub_removal_noise_0p5.parquet
ppi_sbm,ppi_sbm,hub_target,addition,1.0,data/perturbed_networks/ppi_sbm/perturbed_hub_target/chloe_ppi_lcc_2026_02_23_sbm_targeted_hub_addition_noise_1p0.parquet
ppi_sbm,ppi_sbm,hub_target,addition,1.5,data/perturbed_networks/ppi_sbm/perturbed_hub_target/chloe_ppi_lcc_2026_02_23_sbm_targeted_hub_addition_noise_1p5.parquet
ppi_sbm,ppi_sbm,hub_target,addition,2.0,data/perturbed_networks/ppi_sbm/perturbed_hub_target/chloe_ppi_lcc_2026_02_23_sbm_targeted_hub_addition_noise_2p0.parquet
ppi_sbm,ppi_sbm,periphery_target,removal,0.02,data/perturbed_networks/ppi_sbm/perturbed_periphery_target/chloe_ppi_lcc_2026_02_23_sbm_targeted_periphery_removal_noise_0p02.parquet
ppi_sbm,ppi_sbm,periphery_target,addition,0.05,data/perturbed_networks/ppi_sbm/perturbed_periphery_target/chloe_ppi_lcc_2026_02_23_sbm_targeted_periphery_addition_noise_0p05.parquet
ppi_sbm,ppi_sbm,periphery_target,removal,0.05,data/perturbed_networks/ppi_sbm/perturbed_periphery_target/chloe_ppi_lcc_2026_02_23_sbm_targeted_periphery_removal_noise_0p05.parquet
ppi_sbm,ppi_sbm,periphery_target,addition,0.1,data/perturbed_networks/ppi_sbm/perturbed_periphery_target/chloe_ppi_lcc_2026_02_23_sbm_targeted_periphery_addition_noise_0p1.parquet
ppi_sbm,ppi_sbm,periphery_target,removal,0.1,data/perturbed_networks/ppi_sbm/perturbed_periphery_target/chloe_ppi_lcc_2026_02_23_sbm_targeted_periphery_removal_noise_0p1.parquet
ppi_sbm,ppi_sbm,periphery_target,addition,0.15,data/perturbed_networks/ppi_sbm/perturbed_periphery_target/chloe_ppi_lcc_2026_02_23_sbm_targeted_periphery_addition_noise_0p15.parquet
ppi_sbm,ppi_sbm,periphery_target,removal,0.15,data/perturbed_networks/ppi_sbm/perturbed_periphery_target/chloe_ppi_lcc_2026_02_23_sbm_targeted_periphery_removal_noise_0p15.parquet
ppi_sbm,ppi_sbm,periphery_target,addition,0.2,data/perturbed_networks/ppi_sbm/perturbed_periphery_target/chloe_ppi_lcc_2026_02_23_sbm_targeted_periphery_addition_noise_0p2.parquet
ppi_sbm,ppi_sbm,periphery_target,removal,0.2,data/perturbed_networks/ppi_sbm/perturbed_periphery_target/chloe_ppi_lcc_2026_02_23_sbm_targeted_periphery_removal_noise_0p2.parquet
ppi_sbm,ppi_sbm,periphery_target,removal,0.25,data/perturbed_networks/ppi_sbm/perturbed_periphery_target/chloe_ppi_lcc_2026_02_23_sbm_targeted_periphery_removal_noise_0p25.parquet
ppi_sbm,ppi_sbm,periphery_target,addition,0.3,data/perturbed_networks/ppi_sbm/perturbed_periphery_target/chloe_ppi_lcc_2026_02_23_sbm_targeted_periphery_addition_noise_0p3.parquet
ppi_sbm,ppi_sbm,periphery_target,removal,0.3,data/perturbed_networks/ppi_sbm/perturbed_periphery_target/chloe_ppi_lcc_2026_02_23_sbm_targeted_periphery_removal_noise_0p3.parquet
ppi_sbm,ppi_sbm,periphery_target,removal,0.4,data/perturbed_networks/ppi_sbm/perturbed_periphery_target/chloe_ppi_lcc_2026_02_23_sbm_targeted_periphery_removal_noise_0p4.parquet
ppi_sbm,ppi_sbm,periphery_target,addition,0.5,data/perturbed_networks/ppi_sbm/perturbed_periphery_target/chloe_ppi_lcc_2026_02_23_sbm_targeted_periphery_addition_noise_0p5.parquet
ppi_sbm,ppi_sbm,periphery_target,removal,0.5,data/perturbed_networks/ppi_sbm/perturbed_periphery_target/chloe_ppi_lcc_2026_02_23_sbm_targeted_periphery_removal_noise_0p5.parquet
ppi_sbm,ppi_sbm,periphery_target,addition,1.0,data/perturbed_networks/ppi_sbm/perturbed_periphery_target/chloe_ppi_lcc_2026_02_23_sbm_targeted_periphery_addition_noise_1p0.parquet
ppi_sbm,ppi_sbm,periphery_target,addition,1.5,data/perturbed_networks/ppi_sbm/perturbed_periphery_target/chloe_ppi_lcc_2026_02_23_sbm_targeted_periphery_addition_noise_1p5.parquet
ppi_sbm,ppi_sbm,periphery_target,addition,2.0,data/perturbed_networks/ppi_sbm/perturbed_periphery_target/chloe_ppi_lcc_2026_02_23_sbm_targeted_periphery_addition_noise_2p0.parquet
ppi_sbm,ppi_sbm,random_target,removal,0.02,data/perturbed_networks/ppi_sbm/perturbed_random_target/chloe_ppi_lcc_2026_02_23_sbm_removed_edges_noise_0p02.parquet
ppi_sbm,ppi_sbm,random_target,addition,0.05,data/perturbed_networks/ppi_sbm/perturbed_random_target/chloe_ppi_lcc_2026_02_23_sbm_added_edges_noise_0p05.parquet
ppi_sbm,ppi_sbm,random_target,removal,0.05,data/perturbed_networks/ppi_sbm/perturbed_random_target/chloe_ppi_lcc_2026_02_23_sbm_removed_edges_noise_0p05.parquet
ppi_sbm,ppi_sbm,random_target,addition,0.1,data/perturbed_networks/ppi_sbm/perturbed_random_target/chloe_ppi_lcc_2026_02_23_sbm_added_edges_noise_0p1.parquet
ppi_sbm,ppi_sbm,random_target,removal,0.1,data/perturbed_networks/ppi_sbm/perturbed_random_target/chloe_ppi_lcc_2026_02_23_sbm_removed_edges_noise_0p1.parquet
ppi_sbm,ppi_sbm,random_target,addition,0.15,data/perturbed_networks/ppi_sbm/perturbed_random_target/chloe_ppi_lcc_2026_02_23_sbm_added_edges_noise_0p15.parquet
ppi_sbm,ppi_sbm,random_target,removal,0.15,data/perturbed_networks/ppi_sbm/perturbed_random_target/chloe_ppi_lcc_2026_02_23_sbm_removed_edges_noise_0p15.parquet
ppi_sbm,ppi_sbm,random_target,addition,0.2,data/perturbed_networks/ppi_sbm/perturbed_random_target/chloe_ppi_lcc_2026_02_23_sbm_added_edges_noise_0p2.parquet
ppi_sbm,ppi_sbm,random_target,removal,0.2,data/perturbed_networks/ppi_sbm/perturbed_random_target/chloe_ppi_lcc_2026_02_23_sbm_removed_edges_noise_0p2.parquet
ppi_sbm,ppi_sbm,random_target,removal,0.25,data/perturbed_networks/ppi_sbm/perturbed_random_target/chloe_ppi_lcc_2026_02_23_sbm_removed_edges_noise_0p25.parquet
ppi_sbm,ppi_sbm,random_target,addition,0.3,data/perturbed_networks/ppi_sbm/perturbed_random_target/chloe_ppi_lcc_2026_02_23_sbm_added_edges_noise_0p3.parquet
ppi_sbm,ppi_sbm,random_target,removal,0.3,data/perturbed_networks/ppi_sbm/perturbed_random_target/chloe_ppi_lcc_2026_02_23_sbm_removed_edges_noise_0p3.parquet
ppi_sbm,ppi_sbm,random_target,removal,0.4,data/perturbed_networks/ppi_sbm/perturbed_random_target/chloe_ppi_lcc_2026_02_23_sbm_removed_edges_noise_0p4.parquet
ppi_sbm,ppi_sbm,random_target,addition,0.5,data/perturbed_networks/ppi_sbm/perturbed_random_target/chloe_ppi_lcc_2026_02_23_sbm_added_edges_noise_0p5.parquet
ppi_sbm,ppi_sbm,random_target,removal,0.5,data/perturbed_networks/ppi_sbm/perturbed_random_target/chloe_ppi_lcc_2026_02_23_sbm_removed_edges_noise_0p5.parquet
ppi_sbm,ppi_sbm,random_target,addition,1.0,data/perturbed_networks/ppi_sbm/perturbed_random_target/chloe_ppi_lcc_2026_02_23_sbm_added_edges_noise_1p0.parquet
ppi_sbm,ppi_sbm,random_target,addition,1.5,data/perturbed_networks/ppi_sbm/perturbed_random_target/chloe_ppi_lcc_2026_02_23_sbm_added_edges_noise_1p5.parquet
ppi_sbm,ppi_sbm,random_target,addition,2.0,data/perturbed_networks/ppi_sbm/perturbed_random_target/chloe_ppi_lcc_2026_02_23_sbm_added_edges_noise_2p0.parquet
test,test,hub_target,addition,0.05,data/perturbed_networks/test/perturbed_hub_target/test_targeted_hub_addition_noise_0p05.parquet
test,test,hub_target,removal,0.05,data/perturbed_networks/test/perturbed_hub_target/test_targeted_hub_removal_noise_0p05.parquet
test,test,hub_target,addition,0.1,data/perturbed_networks/test/perturbed_hub_target/test_targeted_hub_addition_noise_0p1.parquet
test,test,hub_target,removal,0.1,data/perturbed_networks/test/perturbed_hub_target/test_targeted_hub_removal_noise_0p1.parquet
test,test,hub_target,addition,0.15,data/perturbed_networks/test/perturbed_hub_target/test_targeted_hub_addition_noise_0p15.parquet
test,test,hub_target,removal,0.15,data/perturbed_networks/test/perturbed_hub_target/test_targeted_hub_removal_noise_0p15.parquet
test,test,hub_target,addition,0.2,data/perturbed_networks/test/perturbed_hub_target/test_targeted_hub_addition_noise_0p2.parquet
test,test,hub_target,removal,0.2,data/perturbed_networks/test/perturbed_hub_target/test_targeted_hub_removal_noise_0p2.parquet
test,test,hub_target,addition,0.3,data/perturbed_networks/test/perturbed_hub_target/test_targeted_hub_addition_noise_0p3.parquet
test,test,hub_target,removal,0.3,data/perturbed_networks/test/perturbed_hub_target/test_targeted_hub_removal_noise_0p3.parquet
test,test,hub_target,addition,0.5,data/perturbed_networks/test/perturbed_hub_target/test_targeted_hub_addition_noise_0p5.parquet
test,test,hub_target,removal,0.5,data/perturbed_networks/test/perturbed_hub_target/test_targeted_hub_removal_noise_0p5.parquet
test,test,hub_target,addition,0.75,data/perturbed_networks/test/perturbed_hub_target/test_targeted_hub_addition_noise_0p75.parquet
test,test,hub_target,removal,0.75,data/perturbed_networks/test/perturbed_hub_target/test_targeted_hub_removal_noise_0p75.parquet
test,test,hub_target,removal,0.95,data/perturbed_networks/test/perturbed_hub_target/test_targeted_hub_removal_noise_0p95.parquet
test,test,hub_target,addition,1.0,data/perturbed_networks/test/perturbed_hub_target/test_targeted_hub_addition_noise_1p0.parquet
test,test,hub_target,addition,1.5,data/perturbed_networks/test/perturbed_hub_target/test_targeted_hub_addition_noise_1p5.parquet
test,test,hub_target,addition,2.0,data/perturbed_networks/test/perturbed_hub_target/test_targeted_hub_addition_noise_2p0.parquet
test,test,periphery_target,addition,0.05,data/perturbed_networks/test/perturbed_periphery_target/test_targeted_periphery_addition_noise_0p05.parquet
test,test,periphery_target,removal,0.05,data/perturbed_networks/test/perturbed_periphery_target/test_targeted_periphery_removal_noise_0p05.parquet
test,test,periphery_target,addition,0.1,data/perturbed_networks/test/perturbed_periphery_target/test_targeted_periphery_addition_noise_0p1.parquet
test,test,periphery_target,removal,0.1,data/perturbed_networks/test/perturbed_periphery_target/test_targeted_periphery_removal_noise_0p1.parquet
test,test,periphery_target,addition,0.15,data/perturbed_networks/test/perturbed_periphery_target/test_targeted_periphery_addition_noise_0p15.parquet
test,test,periphery_target,removal,0.15,data/perturbed_networks/test/perturbed_periphery_target/test_targeted_periphery_removal_noise_0p15.parquet
test,test,periphery_target,addition,0.2,data/perturbed_networks/test/perturbed_periphery_target/test_targeted_periphery_addition_noise_0p2.parquet
test,test,periphery_target,removal,0.2,data/perturbed_networks/test/perturbed_periphery_target/test_targeted_periphery_removal_noise_0p2.parquet
test,test,periphery_target,addition,0.3,data/perturbed_networks/test/perturbed_periphery_target/test_targeted_periphery_addition_noise_0p3.parquet
test,test,periphery_target,removal,0.3,data/perturbed_networks/test/perturbed_periphery_target/test_targeted_periphery_removal_noise_0p3.parquet
test,test,periphery_target,addition,0.5,data/perturbed_networks/test/perturbed_periphery_target/test_targeted_periphery_addition_noise_0p5.parquet
test,test,periphery_target,removal,0.5,data/perturbed_networks/test/perturbed_periphery_target/test_targeted_periphery_removal_noise_0p5.parquet
test,test,periphery_target,addition,0.75,data/perturbed_networks/test/perturbed_periphery_target/test_targeted_periphery_addition_noise_0p75.parquet
test,test,periphery_target,removal,0.75,data/perturbed_networks/test/perturbed_periphery_target/test_targeted_periphery_removal_noise_0p75.parquet
test,test,periphery_target,removal,0.95,data/perturbed_networks/test/perturbed_periphery_target/test_targeted_periphery_removal_noise_0p95.parquet
test,test,periphery_target,addition,1.0,data/perturbed_networks/test/perturbed_periphery_target/test_targeted_periphery_addition_noise_1p0.parquet
test,test,periphery_target,addition,1.5,data/perturbed_networks/test/perturbed_periphery_target/test_targeted_periphery_addition_noise_1p5.parquet
test,test,periphery_target,addition,2.0,data/perturbed_networks/test/perturbed_periphery_target/test_targeted_periphery_addition_noise_2p0.parquet
test,test,random_target,addition,0.05,data/perturbed_networks/test/perturbed_random_target/test_added_edges_noise_0p05.parquet
test,test,random_target,removal,0.05,data/perturbed_networks/test/perturbed_random_target/test_removed_edges_noise_0p05.parquet
test,test,random_target,addition,0.1,data/perturbed_networks/test/perturbed_random_target/test_added_edges_noise_0p1.parquet
test,test,random_target,removal,0.1,data/perturbed_networks/test/perturbed_random_target/test_removed_edges_noise_0p1.parquet
test,test,random_target,addition,0.15,data/perturbed_networks/test/perturbed_random_target/test_added_edges_noise_0p15.parquet
test,test,random_target,removal,0.15,data/perturbed_networks/test/perturbed_random_target/test_removed_edges_noise_0p15.parquet
test,test,random_target,addition,0.2,data/perturbed_networks/test/perturbed_random_target/test_added_edges_noise_0p2.parquet
test,test,random_target,removal,0.2,data/perturbed_networks/test/perturbed_random_target/test_removed_edges_noise_0p2.parquet
test,test,random_target,addition,0.3,data/perturbed_networks/test/perturbed_random_target/test_added_edges_noise_0p3.parquet
test,test,random_target,removal,0.3,data/perturbed_networks/test/perturbed_random_target/test_removed_edges_noise_0p3.parquet
test,test,random_target,addition,0.5,data/perturbed_networks/test/perturbed_random_target/test_added_edges_noise_0p5.parquet
test,test,random_target,removal,0.5,data/perturbed_networks/test/perturbed_random_target/test_removed_edges_noise_0p5.parquet
test,test,random_target,addition,0.75,data/perturbed_networks/test/perturbed_random_target/test_added_edges_noise_0p75.parquet
test,test,random_target,removal,0.75,data/perturbed_networks/test/perturbed_random_target/test_removed_edges_noise_0p75.parquet
test,test,random_target,removal,0.95,data/perturbed_networks/test/perturbed_random_target/test_removed_edges_noise_0p95.parquet
test,test,random_target,addition,1.0,data/perturbed_networks/test/perturbed_random_target/test_added_edges_noise_1p0.parquet
test,test,random_target,addition,1.5,data/perturbed_networks/test/perturbed_random_target/test_added_edges_noise_1p5.parquet
test,test,random_target,addition,2.0,data/perturbed_networks/test/perturbed_random_target/test_added_edges_noise_2p0.parquet
wiki,wiki,hub_target,removal,0.02,data/perturbed_networks/wiki/perturbed_hub_target/wiki-Vote_gcc_targeted_hub_removal_noise_0p02.parquet
wiki,wiki,hub_target,addition,0.05,data/perturbed_networks/wiki/perturbed_hub_target/wiki-Vote_gcc_targeted_hub_addition_noise_0p05.parquet
wiki,wiki,hub_target,removal,0.05,data/perturbed_networks/wiki/perturbed_hub_target/wiki-Vote_gcc_targeted_hub_removal_noise_0p05.parquet
wiki,wiki,hub_target,addition,0.1,data/perturbed_networks/wiki/perturbed_hub_target/wiki-Vote_gcc_targeted_hub_addition_noise_0p1.parquet
wiki,wiki,hub_target,removal,0.1,data/perturbed_networks/wiki/perturbed_hub_target/wiki-Vote_gcc_targeted_hub_removal_noise_0p1.parquet
wiki,wiki,hub_target,addition,0.15,data/perturbed_networks/wiki/perturbed_hub_target/wiki-Vote_gcc_targeted_hub_addition_noise_0p15.parquet
wiki,wiki,hub_target,removal,0.15,data/perturbed_networks/wiki/perturbed_hub_target/wiki-Vote_gcc_targeted_hub_removal_noise_0p15.parquet
wiki,wiki,hub_target,addition,0.2,data/perturbed_networks/wiki/perturbed_hub_target/wiki-Vote_gcc_targeted_hub_addition_noise_0p2.parquet
wiki,wiki,hub_target,removal,0.2,data/perturbed_networks/wiki/perturbed_hub_target/wiki-Vote_gcc_targeted_hub_removal_noise_0p2.parquet
wiki,wiki,hub_target,removal,0.25,data/perturbed_networks/wiki/perturbed_hub_target/wiki-Vote_gcc_targeted_hub_removal_noise_0p25.parquet
wiki,wiki,hub_target,addition,0.3,data/perturbed_networks/wiki/perturbed_hub_target/wiki-Vote_gcc_targeted_hub_addition_noise_0p3.parquet
wiki,wiki,hub_target,removal,0.3,data/perturbed_networks/wiki/perturbed_hub_target/wiki-Vote_gcc_targeted_hub_removal_noise_0p3.parquet
wiki,wiki,hub_target,removal,0.4,data/perturbed_networks/wiki/perturbed_hub_target/wiki-Vote_gcc_targeted_hub_removal_noise_0p4.parquet
wiki,wiki,hub_target,addition,0.5,data/perturbed_networks/wiki/perturbed_hub_target/wiki-Vote_gcc_targeted_hub_addition_noise_0p5.parquet
wiki,wiki,hub_target,removal,0.5,data/perturbed_networks/wiki/perturbed_hub_target/wiki-Vote_gcc_targeted_hub_removal_noise_0p5.parquet
wiki,wiki,hub_target,addition,1.0,data/perturbed_networks/wiki/perturbed_hub_target/wiki-Vote_gcc_targeted_hub_addition_noise_1p0.parquet
wiki,wiki,hub_target,addition,1.5,data/perturbed_networks/wiki/perturbed_hub_target/wiki-Vote_gcc_targeted_hub_addition_noise_1p5.parquet
wiki,wiki,hub_target,addition,2.0,data/perturbed_networks/wiki/perturbed_hub_target/wiki-Vote_gcc_targeted_hub_addition_noise_2p0.parquet
wiki,wiki,periphery_target,removal,0.02,data/perturbed_networks/wiki/perturbed_periphery_target/wiki-Vote_gcc_targeted_periphery_removal_noise_0p02.parquet
wiki,wiki,periphery_target,addition,0.05,data/perturbed_networks/wiki/perturbed_periphery_target/wiki-Vote_gcc_targeted_periphery_addition_noise_0p05.parquet
wiki,wiki,periphery_target,removal,0.05,data/perturbed_networks/wiki/perturbed_periphery_target/wiki-Vote_gcc_targeted_periphery_removal_noise_0p05.parquet
wiki,wiki,periphery_target,addition,0.1,data/perturbed_networks/wiki/perturbed_periphery_target/wiki-Vote_gcc_targeted_periphery_addition_noise_0p1.parquet
wiki,wiki,periphery_target,removal,0.1,data/perturbed_networks/wiki/perturbed_periphery_target/wiki-Vote_gcc_targeted_periphery_removal_noise_0p1.parquet
wiki,wiki,periphery_target,addition,0.15,data/perturbed_networks/wiki/perturbed_periphery_target/wiki-Vote_gcc_targeted_periphery_addition_noise_0p15.parquet
wiki,wiki,periphery_target,removal,0.15,data/perturbed_networks/wiki/perturbed_periphery_target/wiki-Vote_gcc_targeted_periphery_removal_noise_0p15.parquet
wiki,wiki,periphery_target,addition,0.2,data/perturbed_networks/wiki/perturbed_periphery_target/wiki-Vote_gcc_targeted_periphery_addition_noise_0p2.parquet
wiki,wiki,periphery_target,removal,0.2,data/perturbed_networks/wiki/perturbed_periphery_target/wiki-Vote_gcc_targeted_periphery_removal_noise_0p2.parquet
wiki,wiki,periphery_target,removal,0.25,data/perturbed_networks/wiki/perturbed_periphery_target/wiki-Vote_gcc_targeted_periphery_removal_noise_0p25.parquet
wiki,wiki,periphery_target,addition,0.3,data/perturbed_networks/wiki/perturbed_periphery_target/wiki-Vote_gcc_targeted_periphery_addition_noise_0p3.parquet
wiki,wiki,periphery_target,removal,0.3,data/perturbed_networks/wiki/perturbed_periphery_target/wiki-Vote_gcc_targeted_periphery_removal_noise_0p3.parquet
wiki,wiki,periphery_target,removal,0.4,data/perturbed_networks/wiki/perturbed_periphery_target/wiki-Vote_gcc_targeted_periphery_removal_noise_0p4.parquet
wiki,wiki,periphery_target,addition,0.5,data/perturbed_networks/wiki/perturbed_periphery_target/wiki-Vote_gcc_targeted_periphery_addition_noise_0p5.parquet
wiki,wiki,periphery_target,removal,0.5,data/perturbed_networks/wiki/perturbed_periphery_target/wiki-Vote_gcc_targeted_periphery_removal_noise_0p5.parquet
wiki,wiki,periphery_target,addition,1.0,data/perturbed_networks/wiki/perturbed_periphery_target/wiki-Vote_gcc_targeted_periphery_addition_noise_1p0.parquet
wiki,wiki,periphery_target,addition,1.5,data/perturbed_networks/wiki/perturbed_periphery_target/wiki-Vote_gcc_targeted_periphery_addition_noise_1p5.parquet
wiki,wiki,periphery_target,addition,2.0,data/perturbed_networks/wiki/perturbed_periphery_target/wiki-Vote_gcc_targeted_periphery_addition_noise_2p0.parquet
wiki,wiki,random_target,removal,0.02,data/perturbed_networks/wiki/perturbed_random_target/wiki-Vote_gcc_removed_edges_noise_0p02.parquet
wiki,wiki,random_target,addition,0.05,data/perturbed_networks/wiki/perturbed_random_target/wiki-Vote_gcc_added_edges_noise_0p05.parquet
wiki,wiki,random_target,removal,0.05,data/perturbed_networks/wiki/perturbed_random_target/wiki-Vote_gcc_removed_edges_noise_0p05.parquet
wiki,wiki,random_target,addition,0.1,data/perturbed_networks/wiki/perturbed_random_target/wiki-Vote_gcc_added_edges_noise_0p1.parquet
wiki,wiki,random_target,removal,0.1,data/perturbed_networks/wiki/perturbed_random_target/wiki-Vote_gcc_removed_edges_noise_0p1.parquet
wiki,wiki,random_target,addition,0.15,data/perturbed_networks/wiki/perturbed_random_target/wiki-Vote_gcc_added_edges_noise_0p15.parquet
wiki,wiki,random_target,removal,0.15,data/perturbed_networks/wiki/perturbed_random_target/wiki-Vote_gcc_removed_edges_noise_0p15.parquet
wiki,wiki,random_target,addition,0.2,data/perturbed_networks/wiki/perturbed_random_target/wiki-Vote_gcc_added_edges_noise_0p2.parquet
wiki,wiki,random_target,removal,0.2,data/perturbed_networks/wiki/perturbed_random_target/wiki-Vote_gcc_removed_edges_noise_0p2.parquet
wiki,wiki,random_target,removal,0.25,data/perturbed_networks/wiki/perturbed_random_target/wiki-Vote_gcc_removed_edges_noise_0p25.parquet
wiki,wiki,random_target,addition,0.3,data/perturbed_networks/wiki/perturbed_random_target/wiki-Vote_gcc_added_edges_noise_0p3.parquet
wiki,wiki,random_target,removal,0.3,data/perturbed_networks/wiki/perturbed_random_target/wiki-Vote_gcc_removed_edges_noise_0p3.parquet
wiki,wiki,random_target,removal,0.4,data/perturbed_networks/wiki/perturbed_random_target/wiki-Vote_gcc_removed_edges_noise_0p4.parquet
wiki,wiki,random_target,addition,0.5,data/perturbed_networks/wiki/perturbed_random_target/wiki-Vote_gcc_added_edges_noise_0p5.parquet
wiki,wiki,random_target,removal,0.5,data/perturbed_networks/wiki/perturbed_random_target/wiki-Vote_gcc_removed_edges_noise_0p5.parquet
wiki,wiki,random_target,addition,1.0,data/perturbed_networks/wiki/perturbed_random_target/wiki-Vote_gcc_added_edges_noise_1p0.parquet
wiki,wiki,random_target,addition,1.5,data/perturbed_networks/wiki/perturbed_random_target/wiki-Vote_gcc_added_edges_noise_1p5.parquet
wiki,wiki,random_target,addition,2.0,data/perturbed_networks/wiki/perturbed_random_target/wiki-Vote_gcc_added_edges_noise_2p0.parquet
wiki_conf,wiki_conf,hub_target,removal,0.02,data/perturbed_networks/wiki_conf/perturbed_hub_target/wiki-Vote_gcc_config_targeted_hub_removal_noise_0p02.parquet
wiki_conf,wiki_conf,hub_target,addition,0.05,data/perturbed_networks/wiki_conf/perturbed_hub_target/wiki-Vote_gcc_config_targeted_hub_addition_noise_0p05.parquet
wiki_conf,wiki_conf,hub_target,removal,0.05,data/perturbed_networks/wiki_conf/perturbed_hub_target/wiki-Vote_gcc_config_targeted_hub_removal_noise_0p05.parquet
wiki_conf,wiki_conf,hub_target,addition,0.1,data/perturbed_networks/wiki_conf/perturbed_hub_target/wiki-Vote_gcc_config_targeted_hub_addition_noise_0p1.parquet
wiki_conf,wiki_conf,hub_target,removal,0.1,data/perturbed_networks/wiki_conf/perturbed_hub_target/wiki-Vote_gcc_config_targeted_hub_removal_noise_0p1.parquet
wiki_conf,wiki_conf,hub_target,addition,0.15,data/perturbed_networks/wiki_conf/perturbed_hub_target/wiki-Vote_gcc_config_targeted_hub_addition_noise_0p15.parquet
wiki_conf,wiki_conf,hub_target,removal,0.15,data/perturbed_networks/wiki_conf/perturbed_hub_target/wiki-Vote_gcc_config_targeted_hub_removal_noise_0p15.parquet
wiki_conf,wiki_conf,hub_target,addition,0.2,data/perturbed_networks/wiki_conf/perturbed_hub_target/wiki-Vote_gcc_config_targeted_hub_addition_noise_0p2.parquet
wiki_conf,wiki_conf,hub_target,removal,0.2,data/perturbed_networks/wiki_conf/perturbed_hub_target/wiki-Vote_gcc_config_targeted_hub_removal_noise_0p2.parquet
wiki_conf,wiki_conf,hub_target,removal,0.25,data/perturbed_networks/wiki_conf/perturbed_hub_target/wiki-Vote_gcc_config_targeted_hub_removal_noise_0p25.parquet
wiki_conf,wiki_conf,hub_target,addition,0.3,data/perturbed_networks/wiki_conf/perturbed_hub_target/wiki-Vote_gcc_config_targeted_hub_addition_noise_0p3.parquet
wiki_conf,wiki_conf,hub_target,removal,0.3,data/perturbed_networks/wiki_conf/perturbed_hub_target/wiki-Vote_gcc_config_targeted_hub_removal_noise_0p3.parquet
wiki_conf,wiki_conf,hub_target,removal,0.4,data/perturbed_networks/wiki_conf/perturbed_hub_target/wiki-Vote_gcc_config_targeted_hub_removal_noise_0p4.parquet
wiki_conf,wiki_conf,hub_target,addition,0.5,data/perturbed_networks/wiki_conf/perturbed_hub_target/wiki-Vote_gcc_config_targeted_hub_addition_noise_0p5.parquet
wiki_conf,wiki_conf,hub_target,removal,0.5,data/perturbed_networks/wiki_conf/perturbed_hub_target/wiki-Vote_gcc_config_targeted_hub_removal_noise_0p5.parquet
wiki_conf,wiki_conf,hub_target,addition,1.0,data/perturbed_networks/wiki_conf/perturbed_hub_target/wiki-Vote_gcc_config_targeted_hub_addition_noise_1p0.parquet
wiki_conf,wiki_conf,hub_target,addition,1.5,data/perturbed_networks/wiki_conf/perturbed_hub_target/wiki-Vote_gcc_config_targeted_hub_addition_noise_1p5.parquet
wiki_conf,wiki_conf,hub_target,addition,2.0,data/perturbed_networks/wiki_conf/perturbed_hub_target/wiki-Vote_gcc_config_targeted_hub_addition_noise_2p0.parquet
wiki_conf,wiki_conf,periphery_target,removal,0.02,data/perturbed_networks/wiki_conf/perturbed_periphery_target/wiki-Vote_gcc_config_targeted_periphery_removal_noise_0p02.parquet
wiki_conf,wiki_conf,periphery_target,addition,0.05,data/perturbed_networks/wiki_conf/perturbed_periphery_target/wiki-Vote_gcc_config_targeted_periphery_addition_noise_0p05.parquet
wiki_conf,wiki_conf,periphery_target,removal,0.05,data/perturbed_networks/wiki_conf/perturbed_periphery_target/wiki-Vote_gcc_config_targeted_periphery_removal_noise_0p05.parquet
wiki_conf,wiki_conf,periphery_target,addition,0.1,data/perturbed_networks/wiki_conf/perturbed_periphery_target/wiki-Vote_gcc_config_targeted_periphery_addition_noise_0p1.parquet
wiki_conf,wiki_conf,periphery_target,removal,0.1,data/perturbed_networks/wiki_conf/perturbed_periphery_target/wiki-Vote_gcc_config_targeted_periphery_removal_noise_0p1.parquet
wiki_conf,wiki_conf,periphery_target,addition,0.15,data/perturbed_networks/wiki_conf/perturbed_periphery_target/wiki-Vote_gcc_config_targeted_periphery_addition_noise_0p15.parquet
wiki_conf,wiki_conf,periphery_target,removal,0.15,data/perturbed_networks/wiki_conf/perturbed_periphery_target/wiki-Vote_gcc_config_targeted_periphery_removal_noise_0p15.parquet
wiki_conf,wiki_conf,periphery_target,addition,0.2,data/perturbed_networks/wiki_conf/perturbed_periphery_target/wiki-Vote_gcc_config_targeted_periphery_addition_noise_0p2.parquet
wiki_conf,wiki_conf,periphery_target,removal,0.2,data/perturbed_networks/wiki_conf/perturbed_periphery_target/wiki-Vote_gcc_config_targeted_periphery_removal_noise_0p2.parquet
wiki_conf,wiki_conf,periphery_target,removal,0.25,data/perturbed_networks/wiki_conf/perturbed_periphery_target/wiki-Vote_gcc_config_targeted_periphery_removal_noise_0p25.parquet
wiki_conf,wiki_conf,periphery_target,addition,0.3,data/perturbed_networks/wiki_conf/perturbed_periphery_target/wiki-Vote_gcc_config_targeted_periphery_addition_noise_0p3.parquet
wiki_conf,wiki_conf,periphery_target,removal,0.3,data/perturbed_networks/wiki_conf/perturbed_periphery_target/wiki-Vote_gcc_config_targeted_periphery_removal_noise_0p3.parquet
wiki_conf,wiki_conf,periphery_target,removal,0.4,data/perturbed_networks/wiki_conf/perturbed_periphery_target/wiki-Vote_gcc_config_targeted_periphery_removal_noise_0p4.parquet
wiki_conf,wiki_conf,periphery_target,addition,0.5,data/perturbed_networks/wiki_conf/perturbed_periphery_target/wiki-Vote_gcc_config_targeted_periphery_addition_noise_0p5.parquet
wiki_conf,wiki_conf,periphery_target,removal,0.5,data/perturbed_networks/wiki_conf/perturbed_periphery_target/wiki-Vote_gcc_config_targeted_periphery_removal_noise_0p5.parquet
wiki_conf,wiki_conf,periphery_target,addition,1.0,data/perturbed_networks/wiki_conf/perturbed_periphery_target/wiki-Vote_gcc_config_targeted_periphery_addition_noise_1p0.parquet
wiki_conf,wiki_conf,periphery_target,addition,1.5,data/perturbed_networks/wiki_conf/perturbed_periphery_target/wiki-Vote_gcc_config_targeted_periphery_addition_noise_1p5.parquet
wiki_conf,wiki_conf,periphery_target,addition,2.0,data/perturbed_networks/wiki_conf/perturbed_periphery_target/wiki-Vote_gcc_config_targeted_periphery_addition_noise_2p0.parquet
wiki_conf,wiki_conf,random_target,removal,0.02,data/perturbed_networks/wiki_conf/perturbed_random_target/wiki-Vote_gcc_config_removed_edges_noise_0p02.parquet
wiki_conf,wiki_conf,random_target,addition,0.05,data/perturbed_networks/wiki_conf/perturbed_random_target/wiki-Vote_gcc_config_added_edges_noise_0p05.parquet
wiki_conf,wiki_conf,random_target,removal,0.05,data/perturbed_networks/wiki_conf/perturbed_random_target/wiki-Vote_gcc_config_removed_edges_noise_0p05.parquet
wiki_conf,wiki_conf,random_target,addition,0.1,data/perturbed_networks/wiki_conf/perturbed_random_target/wiki-Vote_gcc_config_added_edges_noise_0p1.parquet
wiki_conf,wiki_conf,random_target,removal,0.1,data/perturbed_networks/wiki_conf/perturbed_random_target/wiki-Vote_gcc_config_removed_edges_noise_0p1.parquet
wiki_conf,wiki_conf,random_target,addition,0.15,data/perturbed_networks/wiki_conf/perturbed_random_target/wiki-Vote_gcc_config_added_edges_noise_0p15.parquet
wiki_conf,wiki_conf,random_target,removal,0.15,data/perturbed_networks/wiki_conf/perturbed_random_target/wiki-Vote_gcc_config_removed_edges_noise_0p15.parquet
wiki_conf,wiki_conf,random_target,addition,0.2,data/perturbed_networks/wiki_conf/perturbed_random_target/wiki-Vote_gcc_config_added_edges_noise_0p2.parquet
wiki_conf,wiki_conf,random_target,removal,0.2,data/perturbed_networks/wiki_conf/perturbed_random_target/wiki-Vote_gcc_config_removed_edges_noise_0p2.parquet
wiki_conf,wiki_conf,random_target,removal,0.25,data/perturbed_networks/wiki_conf/perturbed_random_target/wiki-Vote_gcc_config_removed_edges_noise_0p25.parquet
wiki_conf,wiki_conf,random_target,addition,0.3,data/perturbed_networks/wiki_conf/perturbed_random_target/wiki-Vote_gcc_config_added_edges_noise_0p3.parquet
wiki_conf,wiki_conf,random_target,removal,0.3,data/perturbed_networks/wiki_conf/perturbed_random_target/wiki-Vote_gcc_config_removed_edges_noise_0p3.parquet
wiki_conf,wiki_conf,random_target,removal,0.4,data/perturbed_networks/wiki_conf/perturbed_random_target/wiki-Vote_gcc_config_removed_edges_noise_0p4.parquet
wiki_conf,wiki_conf,random_target,addition,0.5,data/perturbed_networks/wiki_conf/perturbed_random_target/wiki-Vote_gcc_config_added_edges_noise_0p5.parquet
wiki_conf,wiki_conf,random_target,removal,0.5,data/perturbed_networks/wiki_conf/perturbed_random_target/wiki-Vote_gcc_config_removed_edges_noise_0p5.parquet
wiki_conf,wiki_conf,random_target,addition,1.0,data/perturbed_networks/wiki_conf/perturbed_random_target/wiki-Vote_gcc_config_added_edges_noise_1p0.parquet
wiki_conf,wiki_conf,random_target,addition,1.5,data/perturbed_networks/wiki_conf/perturbed_random_target/wiki-Vote_gcc_config_added_edges_noise_1p5.parquet
wiki_conf,wiki_conf,random_target,addition,2.0,data/perturbed_networks/wiki_conf/perturbed_random_target/wiki-Vote_gcc_config_added_edges_noise_2p0.parquet
wiki_er,wiki_er,hub_target,removal,0.02,data/perturbed_networks/wiki_er/perturbed_hub_target/wiki-Vote_gcc_er_targeted_hub_removal_noise_0p02.parquet
wiki_er,wiki_er,hub_target,addition,0.05,data/perturbed_networks/wiki_er/perturbed_hub_target/wiki-Vote_gcc_er_targeted_hub_addition_noise_0p05.parquet
wiki_er,wiki_er,hub_target,removal,0.05,data/perturbed_networks/wiki_er/perturbed_hub_target/wiki-Vote_gcc_er_targeted_hub_removal_noise_0p05.parquet
wiki_er,wiki_er,hub_target,addition,0.1,data/perturbed_networks/wiki_er/perturbed_hub_target/wiki-Vote_gcc_er_targeted_hub_addition_noise_0p1.parquet
wiki_er,wiki_er,hub_target,removal,0.1,data/perturbed_networks/wiki_er/perturbed_hub_target/wiki-Vote_gcc_er_targeted_hub_removal_noise_0p1.parquet
wiki_er,wiki_er,hub_target,addition,0.15,data/perturbed_networks/wiki_er/perturbed_hub_target/wiki-Vote_gcc_er_targeted_hub_addition_noise_0p15.parquet
wiki_er,wiki_er,hub_target,removal,0.15,data/perturbed_networks/wiki_er/perturbed_hub_target/wiki-Vote_gcc_er_targeted_hub_removal_noise_0p15.parquet
wiki_er,wiki_er,hub_target,addition,0.2,data/perturbed_networks/wiki_er/perturbed_hub_target/wiki-Vote_gcc_er_targeted_hub_addition_noise_0p2.parquet
wiki_er,wiki_er,hub_target,removal,0.2,data/perturbed_networks/wiki_er/perturbed_hub_target/wiki-Vote_gcc_er_targeted_hub_removal_noise_0p2.parquet
wiki_er,wiki_er,hub_target,removal,0.25,data/perturbed_networks/wiki_er/perturbed_hub_target/wiki-Vote_gcc_er_targeted_hub_removal_noise_0p25.parquet
wiki_er,wiki_er,hub_target,addition,0.3,data/perturbed_networks/wiki_er/perturbed_hub_target/wiki-Vote_gcc_er_targeted_hub_addition_noise_0p3.parquet
wiki_er,wiki_er,hub_target,removal,0.3,data/perturbed_networks/wiki_er/perturbed_hub_target/wiki-Vote_gcc_er_targeted_hub_removal_noise_0p3.parquet
wiki_er,wiki_er,hub_target,removal,0.4,data/perturbed_networks/wiki_er/perturbed_hub_target/wiki-Vote_gcc_er_targeted_hub_removal_noise_0p4.parquet
wiki_er,wiki_er,hub_target,addition,0.5,data/perturbed_networks/wiki_er/perturbed_hub_target/wiki-Vote_gcc_er_targeted_hub_addition_noise_0p5.parquet
wiki_er,wiki_er,hub_target,removal,0.5,data/perturbed_networks/wiki_er/perturbed_hub_target/wiki-Vote_gcc_er_targeted_hub_removal_noise_0p5.parquet
wiki_er,wiki_er,hub_target,addition,1.0,data/perturbed_networks/wiki_er/perturbed_hub_target/wiki-Vote_gcc_er_targeted_hub_addition_noise_1p0.parquet
wiki_er,wiki_er,hub_target,addition,1.5,data/perturbed_networks/wiki_er/perturbed_hub_target/wiki-Vote_gcc_er_targeted_hub_addition_noise_1p5.parquet
wiki_er,wiki_er,hub_target,addition,2.0,data/perturbed_networks/wiki_er/perturbed_hub_target/wiki-Vote_gcc_er_targeted_hub_addition_noise_2p0.parquet
wiki_er,wiki_er,periphery_target,removal,0.02,data/perturbed_networks/wiki_er/perturbed_periphery_target/wiki-Vote_gcc_er_targeted_periphery_removal_noise_0p02.parquet
wiki_er,wiki_er,periphery_target,addition,0.05,data/perturbed_networks/wiki_er/perturbed_periphery_target/wiki-Vote_gcc_er_targeted_periphery_addition_noise_0p05.parquet
wiki_er,wiki_er,periphery_target,removal,0.05,data/perturbed_networks/wiki_er/perturbed_periphery_target/wiki-Vote_gcc_er_targeted_periphery_removal_noise_0p05.parquet
wiki_er,wiki_er,periphery_target,addition,0.1,data/perturbed_networks/wiki_er/perturbed_periphery_target/wiki-Vote_gcc_er_targeted_periphery_addition_noise_0p1.parquet
wiki_er,wiki_er,periphery_target,removal,0.1,data/perturbed_networks/wiki_er/perturbed_periphery_target/wiki-Vote_gcc_er_targeted_periphery_removal_noise_0p1.parquet
wiki_er,wiki_er,periphery_target,addition,0.15,data/perturbed_networks/wiki_er/perturbed_periphery_target/wiki-Vote_gcc_er_targeted_periphery_addition_noise_0p15.parquet
wiki_er,wiki_er,periphery_target,removal,0.15,data/perturbed_networks/wiki_er/perturbed_periphery_target/wiki-Vote_gcc_er_targeted_periphery_removal_noise_0p15.parquet
wiki_er,wiki_er,periphery_target,addition,0.2,data/perturbed_networks/wiki_er/perturbed_periphery_target/wiki-Vote_gcc_er_targeted_periphery_addition_noise_0p2.parquet
wiki_er,wiki_er,periphery_target,removal,0.2,data/perturbed_networks/wiki_er/perturbed_periphery_target/wiki-Vote_gcc_er_targeted_periphery_removal_noise_0p2.parquet
wiki_er,wiki_er,periphery_target,removal,0.25,data/perturbed_networks/wiki_er/perturbed_periphery_target/wiki-Vote_gcc_er_targeted_periphery_removal_noise_0p25.parquet
wiki_er,wiki_er,periphery_target,addition,0.3,data/perturbed_networks/wiki_er/perturbed_periphery_target/wiki-Vote_gcc_er_targeted_periphery_addition_noise_0p3.parquet
wiki_er,wiki_er,periphery_target,removal,0.3,data/perturbed_networks/wiki_er/perturbed_periphery_target/wiki-Vote_gcc_er_targeted_periphery_removal_noise_0p3.parquet
wiki_er,wiki_er,periphery_target,removal,0.4,data/perturbed_networks/wiki_er/perturbed_periphery_target/wiki-Vote_gcc_er_targeted_periphery_removal_noise_0p4.parquet
wiki_er,wiki_er,periphery_target,addition,0.5,data/perturbed_networks/wiki_er/perturbed_periphery_target/wiki-Vote_gcc_er_targeted_periphery_addition_noise_0p5.parquet
wiki_er,wiki_er,periphery_target,removal,0.5,data/perturbed_networks/wiki_er/perturbed_periphery_target/wiki-Vote_gcc_er_targeted_periphery_removal_noise_0p5.parquet
wiki_er,wiki_er,periphery_target,addition,1.0,data/perturbed_networks/wiki_er/perturbed_periphery_target/wiki-Vote_gcc_er_targeted_periphery_addition_noise_1p0.parquet
wiki_er,wiki_er,periphery_target,addition,1.5,data/perturbed_networks/wiki_er/perturbed_periphery_target/wiki-Vote_gcc_er_targeted_periphery_addition_noise_1p5.parquet
wiki_er,wiki_er,periphery_target,addition,2.0,data/perturbed_networks/wiki_er/perturbed_periphery_target/wiki-Vote_gcc_er_targeted_periphery_addition_noise_2p0.parquet
wiki_er,wiki_er,random_target,removal,0.02,data/perturbed_networks/wiki_er/perturbed_random_target/wiki-Vote_gcc_er_removed_edges_noise_0p02.parquet
wiki_er,wiki_er,random_target,addition,0.05,data/perturbed_networks/wiki_er/perturbed_random_target/wiki-Vote_gcc_er_added_edges_noise_0p05.parquet
wiki_er,wiki_er,random_target,removal,0.05,data/perturbed_networks/wiki_er/perturbed_random_target/wiki-Vote_gcc_er_removed_edges_noise_0p05.parquet
wiki_er,wiki_er,random_target,addition,0.1,data/perturbed_networks/wiki_er/perturbed_random_target/wiki-Vote_gcc_er_added_edges_noise_0p1.parquet
wiki_er,wiki_er,random_target,removal,0.1,data/perturbed_networks/wiki_er/perturbed_random_target/wiki-Vote_gcc_er_removed_edges_noise_0p1.parquet
wiki_er,wiki_er,random_target,addition,0.15,data/perturbed_networks/wiki_er/perturbed_random_target/wiki-Vote_gcc_er_added_edges_noise_0p15.parquet
wiki_er,wiki_er,random_target,removal,0.15,data/perturbed_networks/wiki_er/perturbed_random_target/wiki-Vote_gcc_er_removed_edges_noise_0p15.parquet
wiki_er,wiki_er,random_target,addition,0.2,data/perturbed_networks/wiki_er/perturbed_random_target/wiki-Vote_gcc_er_added_edges_noise_0p2.parquet
wiki_er,wiki_er,random_target,removal,0.2,data/perturbed_networks/wiki_er/perturbed_random_target/wiki-Vote_gcc_er_removed_edges_noise_0p2.parquet
wiki_er,wiki_er,random_target,removal,0.25,data/perturbed_networks/wiki_er/perturbed_random_target/wiki-Vote_gcc_er_removed_edges_noise_0p25.parquet
wiki_er,wiki_er,random_target,addition,0.3,data/perturbed_networks/wiki_er/perturbed_random_target/wiki-Vote_gcc_er_added_edges_noise_0p3.parquet
wiki_er,wiki_er,random_target,removal,0.3,data/perturbed_networks/wiki_er/perturbed_random_target/wiki-Vote_gcc_er_removed_edges_noise_0p3.parquet
wiki_er,wiki_er,random_target,removal,0.4,data/perturbed_networks/wiki_er/perturbed_random_target/wiki-Vote_gcc_er_removed_edges_noise_0p4.parquet
wiki_er,wiki_er,random_target,addition,0.5,data/perturbed_networks/wiki_er/perturbed_random_target/wiki-Vote_gcc_er_added_edges_noise_0p5.parquet
wiki_er,wiki_er,random_target,removal,0.5,data/perturbed_networks/wiki_er/perturbed_random_target/wiki-Vote_gcc_er_removed_edges_noise_0p5.parquet
wiki_er,wiki_er,random_target,addition,1.0,data/perturbed_networks/wiki_er/perturbed_random_target/wiki-Vote_gcc_er_added_edges_noise_1p0.parquet
wiki_er,wiki_er,random_target,addition,1.5,data/perturbed_networks/wiki_er/perturbed_random_target/wiki-Vote_gcc_er_added_edges_noise_1p5.parquet
wiki_er,wiki_er,random_target,addition,2.0,data/perturbed_networks/wiki_er/perturbed_random_target/wiki-Vote_gcc_er_added_edges_noise_2p0.parquet
wiki_sbm,wiki_sbm,hub_target,removal,0.02,data/perturbed_networks/wiki_sbm/perturbed_hub_target/wiki-Vote_gcc_sbm_targeted_hub_removal_noise_0p02.parquet
wiki_sbm,wiki_sbm,hub_target,addition,0.05,data/perturbed_networks/wiki_sbm/perturbed_hub_target/wiki-Vote_gcc_sbm_targeted_hub_addition_noise_0p05.parquet
wiki_sbm,wiki_sbm,hub_target,removal,0.05,data/perturbed_networks/wiki_sbm/perturbed_hub_target/wiki-Vote_gcc_sbm_targeted_hub_removal_noise_0p05.parquet
wiki_sbm,wiki_sbm,hub_target,addition,0.1,data/perturbed_networks/wiki_sbm/perturbed_hub_target/wiki-Vote_gcc_sbm_targeted_hub_addition_noise_0p1.parquet
wiki_sbm,wiki_sbm,hub_target,removal,0.1,data/perturbed_networks/wiki_sbm/perturbed_hub_target/wiki-Vote_gcc_sbm_targeted_hub_removal_noise_0p1.parquet
wiki_sbm,wiki_sbm,hub_target,addition,0.15,data/perturbed_networks/wiki_sbm/perturbed_hub_target/wiki-Vote_gcc_sbm_targeted_hub_addition_noise_0p15.parquet
wiki_sbm,wiki_sbm,hub_target,removal,0.15,data/perturbed_networks/wiki_sbm/perturbed_hub_target/wiki-Vote_gcc_sbm_targeted_hub_removal_noise_0p15.parquet
wiki_sbm,wiki_sbm,hub_target,addition,0.2,data/perturbed_networks/wiki_sbm/perturbed_hub_target/wiki-Vote_gcc_sbm_targeted_hub_addition_noise_0p2.parquet
wiki_sbm,wiki_sbm,hub_target,removal,0.2,data/perturbed_networks/wiki_sbm/perturbed_hub_target/wiki-Vote_gcc_sbm_targeted_hub_removal_noise_0p2.parquet
wiki_sbm,wiki_sbm,hub_target,removal,0.25,data/perturbed_networks/wiki_sbm/perturbed_hub_target/wiki-Vote_gcc_sbm_targeted_hub_removal_noise_0p25.parquet
wiki_sbm,wiki_sbm,hub_target,addition,0.3,data/perturbed_networks/wiki_sbm/perturbed_hub_target/wiki-Vote_gcc_sbm_targeted_hub_addition_noise_0p3.parquet
wiki_sbm,wiki_sbm,hub_target,removal,0.3,data/perturbed_networks/wiki_sbm/perturbed_hub_target/wiki-Vote_gcc_sbm_targeted_hub_removal_noise_0p3.parquet
wiki_sbm,wiki_sbm,hub_target,removal,0.4,data/perturbed_networks/wiki_sbm/perturbed_hub_target/wiki-Vote_gcc_sbm_targeted_hub_removal_noise_0p4.parquet
wiki_sbm,wiki_sbm,hub_target,addition,0.5,data/perturbed_networks/wiki_sbm/perturbed_hub_target/wiki-Vote_gcc_sbm_targeted_hub_addition_noise_0p5.parquet
wiki_sbm,wiki_sbm,hub_target,removal,0.5,data/perturbed_networks/wiki_sbm/perturbed_hub_target/wiki-Vote_gcc_sbm_targeted_hub_removal_noise_0p5.parquet
wiki_sbm,wiki_sbm,hub_target,addition,1.0,data/perturbed_networks/wiki_sbm/perturbed_hub_target/wiki-Vote_gcc_sbm_targeted_hub_addition_noise_1p0.parquet
wiki_sbm,wiki_sbm,hub_target,addition,1.5,data/perturbed_networks/wiki_sbm/perturbed_hub_target/wiki-Vote_gcc_sbm_targeted_hub_addition_noise_1p5.parquet
wiki_sbm,wiki_sbm,hub_target,addition,2.0,data/perturbed_networks/wiki_sbm/perturbed_hub_target/wiki-Vote_gcc_sbm_targeted_hub_addition_noise_2p0.parquet
wiki_sbm,wiki_sbm,periphery_target,removal,0.02,data/perturbed_networks/wiki_sbm/perturbed_periphery_target/wiki-Vote_gcc_sbm_targeted_periphery_removal_noise_0p02.parquet
wiki_sbm,wiki_sbm,periphery_target,addition,0.05,data/perturbed_networks/wiki_sbm/perturbed_periphery_target/wiki-Vote_gcc_sbm_targeted_periphery_addition_noise_0p05.parquet
wiki_sbm,wiki_sbm,periphery_target,removal,0.05,data/perturbed_networks/wiki_sbm/perturbed_periphery_target/wiki-Vote_gcc_sbm_targeted_periphery_removal_noise_0p05.parquet
wiki_sbm,wiki_sbm,periphery_target,addition,0.1,data/perturbed_networks/wiki_sbm/perturbed_periphery_target/wiki-Vote_gcc_sbm_targeted_periphery_addition_noise_0p1.parquet
wiki_sbm,wiki_sbm,periphery_target,removal,0.1,data/perturbed_networks/wiki_sbm/perturbed_periphery_target/wiki-Vote_gcc_sbm_targeted_periphery_removal_noise_0p1.parquet
wiki_sbm,wiki_sbm,periphery_target,addition,0.15,data/perturbed_networks/wiki_sbm/perturbed_periphery_target/wiki-Vote_gcc_sbm_targeted_periphery_addition_noise_0p15.parquet
wiki_sbm,wiki_sbm,periphery_target,removal,0.15,data/perturbed_networks/wiki_sbm/perturbed_periphery_target/wiki-Vote_gcc_sbm_targeted_periphery_removal_noise_0p15.parquet
wiki_sbm,wiki_sbm,periphery_target,addition,0.2,data/perturbed_networks/wiki_sbm/perturbed_periphery_target/wiki-Vote_gcc_sbm_targeted_periphery_addition_noise_0p2.parquet
wiki_sbm,wiki_sbm,periphery_target,removal,0.2,data/perturbed_networks/wiki_sbm/perturbed_periphery_target/wiki-Vote_gcc_sbm_targeted_periphery_removal_noise_0p2.parquet
wiki_sbm,wiki_sbm,periphery_target,removal,0.25,data/perturbed_networks/wiki_sbm/perturbed_periphery_target/wiki-Vote_gcc_sbm_targeted_periphery_removal_noise_0p25.parquet
wiki_sbm,wiki_sbm,periphery_target,addition,0.3,data/perturbed_networks/wiki_sbm/perturbed_periphery_target/wiki-Vote_gcc_sbm_targeted_periphery_addition_noise_0p3.parquet
wiki_sbm,wiki_sbm,periphery_target,removal,0.3,data/perturbed_networks/wiki_sbm/perturbed_periphery_target/wiki-Vote_gcc_sbm_targeted_periphery_removal_noise_0p3.parquet
wiki_sbm,wiki_sbm,periphery_target,removal,0.4,data/perturbed_networks/wiki_sbm/perturbed_periphery_target/wiki-Vote_gcc_sbm_targeted_periphery_removal_noise_0p4.parquet
wiki_sbm,wiki_sbm,periphery_target,addition,0.5,data/perturbed_networks/wiki_sbm/perturbed_periphery_target/wiki-Vote_gcc_sbm_targeted_periphery_addition_noise_0p5.parquet
wiki_sbm,wiki_sbm,periphery_target,removal,0.5,data/perturbed_networks/wiki_sbm/perturbed_periphery_target/wiki-Vote_gcc_sbm_targeted_periphery_removal_noise_0p5.parquet
wiki_sbm,wiki_sbm,periphery_target,addition,1.0,data/perturbed_networks/wiki_sbm/perturbed_periphery_target/wiki-Vote_gcc_sbm_targeted_periphery_addition_noise_1p0.parquet
wiki_sbm,wiki_sbm,periphery_target,addition,1.5,data/perturbed_networks/wiki_sbm/perturbed_periphery_target/wiki-Vote_gcc_sbm_targeted_periphery_addition_noise_1p5.parquet
wiki_sbm,wiki_sbm,periphery_target,addition,2.0,data/perturbed_networks/wiki_sbm/perturbed_periphery_target/wiki-Vote_gcc_sbm_targeted_periphery_addition_noise_2p0.parquet
wiki_sbm,wiki_sbm,random_target,removal,0.02,data/perturbed_networks/wiki_sbm/perturbed_random_target/wiki-Vote_gcc_sbm_removed_edges_noise_0p02.parquet
wiki_sbm,wiki_sbm,random_target,addition,0.05,data/perturbed_networks/wiki_sbm/perturbed_random_target/wiki-Vote_gcc_sbm_added_edges_noise_0p05.parquet
wiki_sbm,wiki_sbm,random_target,removal,0.05,data/perturbed_networks/wiki_sbm/perturbed_random_target/wiki-Vote_gcc_sbm_removed_edges_noise_0p05.parquet
wiki_sbm,wiki_sbm,random_target,addition,0.1,data/perturbed_networks/wiki_sbm/perturbed_random_target/wiki-Vote_gcc_sbm_added_edges_noise_0p1.parquet
wiki_sbm,wiki_sbm,random_target,removal,0.1,data/perturbed_networks/wiki_sbm/perturbed_random_target/wiki-Vote_gcc_sbm_removed_edges_noise_0p1.parquet
wiki_sbm,wiki_sbm,random_target,addition,0.15,data/perturbed_networks/wiki_sbm/perturbed_random_target/wiki-Vote_gcc_sbm_added_edges_noise_0p15.parquet
wiki_sbm,wiki_sbm,random_target,removal,0.15,data/perturbed_networks/wiki_sbm/perturbed_random_target/wiki-Vote_gcc_sbm_removed_edges_noise_0p15.parquet
wiki_sbm,wiki_sbm,random_target,addition,0.2,data/perturbed_networks/wiki_sbm/perturbed_random_target/wiki-Vote_gcc_sbm_added_edges_noise_0p2.parquet
wiki_sbm,wiki_sbm,random_target,removal,0.2,data/perturbed_networks/wiki_sbm/perturbed_random_target/wiki-Vote_gcc_sbm_removed_edges_noise_0p2.parquet
wiki_sbm,wiki_sbm,random_target,removal,0.25,data/perturbed_networks/wiki_sbm/perturbed_random_target/wiki-Vote_gcc_sbm_removed_edges_noise_0p25.parquet
wiki_sbm,wiki_sbm,random_target,addition,0.3,data/perturbed_networks/wiki_sbm/perturbed_random_target/wiki-Vote_gcc_sbm_added_edges_noise_0p3.parquet
wiki_sbm,wiki_sbm,random_target,removal,0.3,data/perturbed_networks/wiki_sbm/perturbed_random_target/wiki-Vote_gcc_sbm_removed_edges_noise_0p3.parquet
wiki_sbm,wiki_sbm,random_target,removal,0.4,data/perturbed_networks/wiki_sbm/perturbed_random_target/wiki-Vote_gcc_sbm_removed_edges_noise_0p4.parquet
wiki_sbm,wiki_sbm,random_target,addition,0.5,data/perturbed_networks/wiki_sbm/perturbed_random_target/wiki-Vote_gcc_sbm_added_edges_noise_0p5.parquet
wiki_sbm,wiki_sbm,random_target,removal,0.5,data/perturbed_networks/wiki_sbm/perturbed_random_target/wiki-Vote_gcc_sbm_removed_edges_noise_0p5.parquet
wiki_sbm,wiki_sbm,random_target,addition,1.0,data/perturbed_networks/wiki_sbm/perturbed_random_target/wiki-Vote_gcc_sbm_added_edges_noise_1p0.parquet
wiki_sbm,wiki_sbm,random_target,addition,1.5,data/perturbed_networks/wiki_sbm/perturbed_random_target/wiki-Vote_gcc_sbm_added_edges_noise_1p5.parquet
wiki_sbm,wiki_sbm,random_target,addition,2.0,data/perturbed_networks/wiki_sbm/perturbed_random_target/wiki-Vote_gcc_sbm_added_edges_noise_2p0.parquet
